"buy","hold","period","sell","strongBuy","strongSell","symbol"
10,6,"2025-03-01",2,5,0,"MMM"
10,6,"2025-02-01",2,5,0,"MMM"
9,7,"2025-01-01",2,5,0,"MMM"
10,7,"2024-12-01",2,4,0,"MMM"
4,10,"2025-03-01",1,4,0,"AOS"
4,10,"2025-02-01",1,4,0,"AOS"
4,11,"2025-01-01",1,3,0,"AOS"
4,11,"2024-12-01",1,3,0,"AOS"
14,9,"2025-03-01",0,9,0,"ABT"
15,8,"2025-02-01",0,9,0,"ABT"
15,8,"2025-01-01",0,9,0,"ABT"
15,8,"2024-12-01",0,9,0,"ABT"
15,9,"2025-03-01",0,9,0,"ABBV"
16,10,"2025-02-01",0,9,0,"ABBV"
17,10,"2025-01-01",0,9,0,"ABBV"
18,9,"2024-12-01",0,9,0,"ABBV"
13,9,"2025-03-01",0,8,0,"ACN"
13,9,"2025-02-01",0,8,0,"ACN"
13,10,"2025-01-01",0,8,0,"ACN"
13,10,"2024-12-01",0,9,0,"ACN"
19,12,"2025-03-01",1,14,0,"ADBE"
19,11,"2025-02-01",1,14,0,"ADBE"
21,9,"2025-01-01",2,14,0,"ADBE"
22,8,"2024-12-01",2,14,0,"ADBE"
27,16,"2025-03-01",1,9,0,"AMD"
26,15,"2025-02-01",1,13,0,"AMD"
30,12,"2025-01-01",0,16,0,"AMD"
29,11,"2024-12-01",0,17,0,"AMD"
9,5,"2025-03-01",1,4,0,"AES"
10,4,"2025-02-01",1,4,0,"AES"
11,4,"2025-01-01",1,4,0,"AES"
11,3,"2024-12-01",1,4,0,"AES"
4,12,"2025-03-01",2,2,0,"AFL"
4,12,"2025-02-01",2,2,0,"AFL"
4,11,"2025-01-01",2,2,0,"AFL"
4,11,"2024-12-01",2,2,0,"AFL"
7,13,"2025-03-01",0,6,0,"A"
8,11,"2025-02-01",1,6,0,"A"
7,13,"2025-01-01",1,6,0,"A"
7,13,"2024-12-01",1,6,0,"A"
13,11,"2025-03-01",0,5,0,"APD"
14,10,"2025-02-01",0,5,0,"APD"
13,10,"2025-01-01",0,6,0,"APD"
13,10,"2024-12-01",0,6,0,"APD"
10,28,"2025-03-01",5,8,0,"ABNB"
8,29,"2025-02-01",6,6,1,"ABNB"
9,30,"2025-01-01",6,6,1,"ABNB"
10,29,"2024-12-01",6,6,1,"ABNB"
12,11,"2025-03-01",1,7,0,"AKAM"
16,6,"2025-02-01",1,8,0,"AKAM"
16,6,"2025-01-01",1,8,0,"AKAM"
15,7,"2024-12-01",1,7,0,"AKAM"
6,18,"2025-03-01",3,5,0,"ALB"
7,17,"2025-02-01",3,5,0,"ALB"
7,16,"2025-01-01",3,5,0,"ALB"
7,16,"2024-12-01",3,5,0,"ALB"
5,9,"2025-03-01",0,3,0,"ARE"
5,9,"2025-02-01",0,3,0,"ARE"
4,10,"2025-01-01",0,4,0,"ARE"
4,10,"2024-12-01",0,4,0,"ARE"
9,6,"2025-03-01",1,7,1,"ALGN"
8,6,"2025-02-01",1,7,1,"ALGN"
8,7,"2025-01-01",1,6,1,"ALGN"
7,7,"2024-12-01",1,6,1,"ALGN"
7,7,"2025-03-01",2,2,0,"ALLE"
7,7,"2025-02-01",2,2,0,"ALLE"
8,5,"2025-01-01",2,2,0,"ALLE"
7,6,"2024-12-01",2,2,0,"ALLE"
3,11,"2025-03-01",0,4,0,"LNT"
3,11,"2025-02-01",0,4,0,"LNT"
3,11,"2025-01-01",0,4,0,"LNT"
4,10,"2024-12-01",0,4,0,"LNT"
13,5,"2025-03-01",1,6,0,"ALL"
14,5,"2025-02-01",1,5,0,"ALL"
14,5,"2025-01-01",1,6,0,"ALL"
14,5,"2024-12-01",1,6,0,"ALL"
34,13,"2025-03-01",0,17,0,"GOOGL"
35,13,"2025-02-01",0,18,0,"GOOGL"
36,12,"2025-01-01",0,18,0,"GOOGL"
35,12,"2024-12-01",0,18,0,"GOOGL"
6,7,"2025-03-01",3,6,0,"MO"
6,7,"2025-02-01",3,6,0,"MO"
6,6,"2025-01-01",3,6,0,"MO"
6,7,"2024-12-01",3,5,0,"MO"
51,5,"2025-03-01",0,21,0,"AMZN"
52,5,"2025-02-01",0,21,0,"AMZN"
52,5,"2025-01-01",0,21,0,"AMZN"
50,5,"2024-12-01",0,21,0,"AMZN"
5,5,"2025-03-01",0,4,0,"AMCR"
5,6,"2025-02-01",0,4,0,"AMCR"
4,8,"2025-01-01",0,3,0,"AMCR"
1,9,"2024-12-01",2,0,2,"AMCR"
8,8,"2025-03-01",1,4,0,"AEE"
8,8,"2025-02-01",1,4,0,"AEE"
7,9,"2025-01-01",1,4,0,"AEE"
7,9,"2024-12-01",1,4,0,"AEE"
6,14,"2025-03-01",1,4,0,"AEP"
6,14,"2025-02-01",1,4,0,"AEP"
7,15,"2025-01-01",2,2,0,"AEP"
9,13,"2024-12-01",2,2,0,"AEP"
10,17,"2025-03-01",1,4,2,"AXP"
11,17,"2025-02-01",1,4,2,"AXP"
11,16,"2025-01-01",1,4,2,"AXP"
11,16,"2024-12-01",1,4,2,"AXP"
10,10,"2025-03-01",0,4,0,"AIG"
10,10,"2025-02-01",0,4,0,"AIG"
11,8,"2025-01-01",0,4,0,"AIG"
11,8,"2024-12-01",0,4,0,"AIG"
15,7,"2025-03-01",0,6,0,"AMT"
15,7,"2025-02-01",0,6,0,"AMT"
14,7,"2025-01-01",0,6,0,"AMT"
14,7,"2024-12-01",0,6,0,"AMT"
4,10,"2025-03-01",1,3,1,"AWK"
6,9,"2025-02-01",1,3,1,"AWK"
6,8,"2025-01-01",2,3,1,"AWK"
6,8,"2024-12-01",2,3,1,"AWK"
4,8,"2025-03-01",1,5,0,"AMP"
4,8,"2025-02-01",1,5,0,"AMP"
5,7,"2025-01-01",1,5,0,"AMP"
5,7,"2024-12-01",1,5,0,"AMP"
12,5,"2025-03-01",1,3,0,"AME"
12,5,"2025-02-01",1,3,0,"AME"
12,5,"2025-01-01",1,3,0,"AME"
12,6,"2024-12-01",1,2,0,"AME"
13,14,"2025-03-01",1,9,1,"AMGN"
12,15,"2025-02-01",2,9,1,"AMGN"
12,15,"2025-01-01",2,9,1,"AMGN"
12,16,"2024-12-01",1,9,1,"AMGN"
11,9,"2025-03-01",0,3,0,"APH"
11,9,"2025-02-01",0,3,0,"APH"
11,10,"2025-01-01",0,3,0,"APH"
11,10,"2024-12-01",0,3,0,"APH"
14,12,"2025-03-01",0,10,0,"ADI"
13,13,"2025-02-01",0,10,0,"ADI"
12,14,"2025-01-01",0,10,0,"ADI"
11,15,"2024-12-01",0,10,0,"ADI"
4,10,"2025-03-01",1,3,0,"ANSS"
4,11,"2025-02-01",1,3,0,"ANSS"
5,11,"2025-01-01",1,3,0,"ANSS"
5,11,"2024-12-01",1,3,0,"ANSS"
9,12,"2025-03-01",2,2,0,"AON"
9,12,"2025-02-01",2,2,0,"AON"
7,14,"2025-01-01",2,2,0,"AON"
7,13,"2024-12-01",2,2,0,"AON"
8,17,"2025-03-01",5,3,0,"APA"
8,17,"2025-02-01",4,3,1,"APA"
9,17,"2025-01-01",5,3,1,"APA"
10,16,"2024-12-01",5,3,1,"APA"
14,6,"2025-03-01",0,5,0,"APO"
14,6,"2025-02-01",0,5,0,"APO"
14,6,"2025-01-01",0,5,0,"APO"
14,6,"2024-12-01",0,5,0,"APO"
25,12,"2025-03-01",3,12,1,"AAPL"
25,13,"2025-02-01",3,12,1,"AAPL"
26,13,"2025-01-01",2,14,0,"AAPL"
26,13,"2024-12-01",2,14,0,"AAPL"
22,9,"2025-03-01",1,9,0,"AMAT"
23,9,"2025-02-01",1,9,0,"AMAT"
23,11,"2025-01-01",0,9,0,"AMAT"
22,11,"2024-12-01",0,9,0,"AMAT"
14,6,"2025-03-01",1,9,0,"APTV"
13,8,"2025-02-01",1,9,0,"APTV"
13,7,"2025-01-01",2,8,0,"APTV"
14,7,"2024-12-01",2,9,0,"APTV"
12,5,"2025-03-01",0,6,0,"ACGL"
12,5,"2025-02-01",0,6,0,"ACGL"
12,5,"2025-01-01",0,6,0,"ACGL"
12,5,"2024-12-01",0,6,0,"ACGL"
0,11,"2025-03-01",7,0,1,"ADM"
0,11,"2025-02-01",7,0,1,"ADM"
0,14,"2025-01-01",5,0,1,"ADM"
0,13,"2024-12-01",5,0,1,"ADM"
16,5,"2025-03-01",1,8,0,"ANET"
16,5,"2025-02-01",1,9,0,"ANET"
15,5,"2025-01-01",1,9,0,"ANET"
15,5,"2024-12-01",1,9,0,"ANET"
10,8,"2025-03-01",0,4,0,"AJG"
10,8,"2025-02-01",0,4,0,"AJG"
8,9,"2025-01-01",1,4,0,"AJG"
9,9,"2024-12-01",2,4,0,"AJG"
6,4,"2025-03-01",0,2,0,"AIZ"
5,5,"2025-02-01",0,2,0,"AIZ"
5,5,"2025-01-01",0,2,0,"AIZ"
5,4,"2024-12-01",0,2,0,"AIZ"
17,8,"2025-03-01",1,10,0,"T"
16,9,"2025-02-01",1,10,0,"T"
14,12,"2025-01-01",2,7,0,"T"
13,13,"2024-12-01",2,7,0,"T"
7,7,"2025-03-01",0,4,0,"ATO"
7,7,"2025-02-01",0,4,0,"ATO"
6,8,"2025-01-01",0,4,0,"ATO"
6,9,"2024-12-01",0,2,0,"ATO"
12,13,"2025-03-01",0,10,0,"ADSK"
16,11,"2025-02-01",0,10,0,"ADSK"
14,13,"2025-01-01",0,10,0,"ADSK"
12,13,"2024-12-01",0,10,0,"ADSK"
5,14,"2025-03-01",1,2,0,"ADP"
5,14,"2025-02-01",1,2,0,"ADP"
5,15,"2025-01-01",1,2,0,"ADP"
5,15,"2024-12-01",1,2,0,"ADP"
17,7,"2025-03-01",1,9,0,"AZO"
17,7,"2025-02-01",1,9,0,"AZO"
16,8,"2025-01-01",1,9,0,"AZO"
16,7,"2024-12-01",1,9,0,"AZO"
9,15,"2025-03-01",0,4,0,"AVB"
10,14,"2025-02-01",0,4,0,"AVB"
10,13,"2025-01-01",0,4,0,"AVB"
9,14,"2024-12-01",0,4,0,"AVB"
7,5,"2025-03-01",1,5,0,"AVY"
7,5,"2025-02-01",1,5,0,"AVY"
6,7,"2025-01-01",0,5,0,"AVY"
6,7,"2024-12-01",0,5,0,"AVY"
13,4,"2025-03-01",0,6,0,"AXON"
14,2,"2025-02-01",0,8,0,"AXON"
12,2,"2025-01-01",0,8,0,"AXON"
11,3,"2024-12-01",0,8,0,"AXON"
20,5,"2025-03-01",0,6,0,"BKR"
20,5,"2025-02-01",0,6,0,"BKR"
19,6,"2025-01-01",0,6,0,"BKR"
19,5,"2024-12-01",0,6,0,"BKR"
8,8,"2025-03-01",1,6,0,"BALL"
8,8,"2025-02-01",1,6,0,"BALL"
8,8,"2025-01-01",1,6,0,"BALL"
7,9,"2024-12-01",1,6,0,"BALL"
16,6,"2025-03-01",0,6,0,"BAC"
17,6,"2025-02-01",0,6,0,"BAC"
14,8,"2025-01-01",0,6,0,"BAC"
16,6,"2024-12-01",0,6,0,"BAC"
5,12,"2025-03-01",2,3,0,"BAX"
1,14,"2025-02-01",6,1,1,"BAX"
1,14,"2025-01-01",6,1,1,"BAX"
1,13,"2024-12-01",6,1,1,"BAX"
9,4,"2025-03-01",0,8,0,"BDX"
10,4,"2025-02-01",0,8,0,"BDX"
10,4,"2025-01-01",0,8,0,"BDX"
10,4,"2024-12-01",0,8,0,"BDX"
5,3,"2025-03-01",0,3,0,"BRK.A"
5,3,"2025-02-01",0,3,0,"BRK.A"
5,3,"2025-01-01",0,3,0,"BRK.A"
5,3,"2024-12-01",0,3,0,"BRK.A"
9,19,"2025-03-01",1,4,0,"BBY"
9,19,"2025-02-01",1,4,0,"BBY"
9,19,"2025-01-01",1,4,0,"BBY"
10,18,"2024-12-01",1,4,0,"BBY"
10,6,"2025-03-01",0,6,0,"TECH"
10,5,"2025-02-01",0,7,0,"TECH"
11,4,"2025-01-01",0,7,0,"TECH"
9,5,"2024-12-01",0,7,0,"TECH"
15,20,"2025-03-01",0,8,0,"BIIB"
15,19,"2025-02-01",0,8,0,"BIIB"
16,18,"2025-01-01",0,8,0,"BIIB"
16,16,"2024-12-01",0,11,0,"BIIB"
12,4,"2025-03-01",0,5,0,"BLK"
13,4,"2025-02-01",0,5,0,"BLK"
13,4,"2025-01-01",0,5,0,"BLK"
10,16,"2025-03-01",0,6,0,"BX"
9,17,"2025-02-01",0,6,0,"BX"
9,17,"2025-01-01",0,6,0,"BX"
9,16,"2024-12-01",1,6,0,"BX"
14,6,"2025-03-01",0,5,0,"BK"
14,7,"2025-02-01",0,5,0,"BK"
13,6,"2025-01-01",0,6,0,"BK"
12,7,"2024-12-01",0,6,0,"BK"
16,9,"2025-03-01",2,9,0,"BA"
16,10,"2025-02-01",2,8,0,"BA"
15,12,"2025-01-01",2,9,0,"BA"
15,11,"2024-12-01",2,9,1,"BA"
24,13,"2025-03-01",0,8,0,"BKNG"
23,14,"2025-02-01",0,8,0,"BKNG"
24,14,"2025-01-01",0,8,0,"BKNG"
23,14,"2024-12-01",0,8,0,"BKNG"
11,8,"2025-03-01",0,3,0,"BWA"
11,8,"2025-02-01",0,3,0,"BWA"
11,8,"2025-01-01",0,3,0,"BWA"
11,8,"2024-12-01",0,3,0,"BWA"
20,5,"2025-03-01",0,12,0,"BSX"
21,4,"2025-02-01",0,13,0,"BSX"
20,5,"2025-01-01",0,13,0,"BSX"
19,5,"2024-12-01",0,13,0,"BSX"
5,19,"2025-03-01",2,5,0,"BMY"
7,18,"2025-02-01",2,5,0,"BMY"
6,19,"2025-01-01",2,5,0,"BMY"
7,19,"2024-12-01",2,4,0,"BMY"
29,5,"2025-03-01",0,12,0,"AVGO"
30,5,"2025-02-01",0,11,0,"AVGO"
30,5,"2025-01-01",0,12,0,"AVGO"
29,5,"2024-12-01",0,12,0,"AVGO"
7,7,"2025-03-01",0,3,0,"BR"
7,7,"2025-02-01",0,3,0,"BR"
7,7,"2025-01-01",0,3,0,"BR"
7,7,"2024-12-01",0,3,0,"BR"
9,9,"2025-03-01",1,2,0,"BRO"
9,9,"2025-02-01",1,2,0,"BRO"
10,8,"2025-01-01",1,2,0,"BRO"
8,9,"2024-12-01",1,2,0,"BRO"
2,14,"2025-03-01",5,1,2,"BF.B"
2,14,"2025-02-01",5,1,2,"BF.B"
2,14,"2025-01-01",6,1,2,"BF.B"
3,13,"2024-12-01",5,1,2,"BF.B"
12,5,"2025-03-01",0,8,0,"BLDR"
13,5,"2025-02-01",0,8,0,"BLDR"
12,5,"2025-01-01",0,7,0,"BLDR"
11,5,"2024-12-01",0,7,0,"BLDR"
8,7,"2025-03-01",0,5,0,"BG"
8,7,"2025-02-01",0,5,0,"BG"
8,6,"2025-01-01",0,5,0,"BG"
9,5,"2024-12-01",0,5,0,"BG"
7,13,"2025-03-01",1,3,1,"BXP"
7,13,"2025-02-01",1,3,1,"BXP"
7,14,"2025-01-01",1,4,0,"BXP"
7,14,"2024-12-01",1,4,0,"BXP"
11,13,"2025-03-01",2,5,0,"CHRW"
11,13,"2025-02-01",2,5,0,"CHRW"
9,17,"2025-01-01",2,4,0,"CHRW"
8,18,"2024-12-01",2,4,0,"CHRW"
15,4,"2025-03-01",0,7,1,"CDNS"
15,4,"2025-02-01",0,7,1,"CDNS"
14,4,"2025-01-01",0,7,1,"CDNS"
14,4,"2024-12-01",0,7,1,"CDNS"
11,5,"2025-03-01",1,4,0,"CZR"
11,4,"2025-02-01",2,4,0,"CZR"
12,4,"2025-01-01",2,4,0,"CZR"
12,4,"2024-12-01",2,4,0,"CZR"
5,17,"2025-03-01",1,6,0,"CPT"
5,17,"2025-02-01",1,6,0,"CPT"
4,17,"2025-01-01",1,6,0,"CPT"
4,18,"2024-12-01",0,6,0,"CPT"
5,12,"2025-03-01",3,4,1,"CPB"
5,12,"2025-02-01",3,4,1,"CPB"
5,12,"2025-01-01",3,4,1,"CPB"
6,12,"2024-12-01",3,3,1,"CPB"
9,11,"2025-03-01",0,6,0,"COF"
9,12,"2025-02-01",0,5,0,"COF"
6,13,"2025-01-01",2,5,0,"COF"
6,12,"2024-12-01",2,6,0,"COF"
10,6,"2025-03-01",0,6,0,"CAH"
10,7,"2025-02-01",0,5,0,"CAH"
8,10,"2025-01-01",0,4,0,"CAH"
6,11,"2024-12-01",1,4,0,"CAH"
9,6,"2025-03-01",2,5,0,"KMX"
8,7,"2025-02-01",2,5,0,"KMX"
8,7,"2025-01-01",2,5,0,"KMX"
7,7,"2024-12-01",2,5,0,"KMX"
14,5,"2025-03-01",2,10,0,"CCL"
14,4,"2025-02-01",2,10,0,"CCL"
14,4,"2025-01-01",3,10,0,"CCL"
14,4,"2024-12-01",3,10,0,"CCL"
10,11,"2025-03-01",1,9,0,"CARR"
9,14,"2025-02-01",1,7,0,"CARR"
10,14,"2025-01-01",1,7,0,"CARR"
9,13,"2024-12-01",1,7,0,"CARR"
6,14,"2025-03-01",3,6,1,"CAT"
7,13,"2025-02-01",4,6,1,"CAT"
7,12,"2025-01-01",4,6,1,"CAT"
7,12,"2024-12-01",4,6,1,"CAT"
5,12,"2025-03-01",3,5,0,"CBOE"
5,12,"2025-02-01",3,5,0,"CBOE"
6,12,"2025-01-01",1,5,0,"CBOE"
6,12,"2024-12-01",1,5,0,"CBOE"
8,4,"2025-03-01",0,6,0,"CBRE"
8,4,"2025-02-01",0,6,0,"CBRE"
6,6,"2025-01-01",0,6,0,"CBRE"
4,7,"2024-12-01",0,6,0,"CBRE"
7,7,"2025-03-01",0,3,0,"CDW"
7,7,"2025-02-01",0,3,0,"CDW"
7,7,"2025-01-01",0,4,0,"CDW"
7,7,"2024-12-01",0,4,0,"CDW"
2,13,"2025-03-01",7,2,4,"CE"
3,12,"2025-02-01",7,2,4,"CE"
3,13,"2025-01-01",8,1,4,"CE"
2,14,"2024-12-01",8,1,4,"CE"
10,7,"2025-03-01",0,5,0,"COR"
9,8,"2025-02-01",0,5,0,"COR"
9,8,"2025-01-01",0,5,0,"COR"
8,9,"2024-12-01",0,5,0,"COR"
11,8,"2025-03-01",1,3,1,"CNC"
11,8,"2025-02-01",0,4,1,"CNC"
11,8,"2025-01-01",0,4,1,"CNC"
9,11,"2024-12-01",0,4,0,"CNC"
3,14,"2025-03-01",1,4,0,"CNP"
5,13,"2025-02-01",1,3,0,"CNP"
5,13,"2025-01-01",1,4,0,"CNP"
3,14,"2024-12-01",1,4,0,"CNP"
9,13,"2025-03-01",2,5,0,"CF"
8,13,"2025-02-01",3,5,0,"CF"
9,13,"2025-01-01",2,5,0,"CF"
9,13,"2024-12-01",2,4,0,"CF"
5,15,"2025-03-01",1,2,2,"CRL"
5,14,"2025-02-01",2,3,1,"CRL"
6,14,"2025-01-01",1,3,1,"CRL"
5,15,"2024-12-01",1,3,1,"CRL"
15,5,"2025-03-01",2,7,0,"SCHW"
14,6,"2025-02-01",2,7,0,"SCHW"
12,8,"2025-01-01",2,7,0,"SCHW"
11,9,"2024-12-01",2,7,0,"SCHW"
8,13,"2025-03-01",4,5,1,"CHTR"
9,12,"2025-02-01",4,5,1,"CHTR"
9,12,"2025-01-01",4,5,1,"CHTR"
7,15,"2024-12-01",4,5,1,"CHTR"
15,8,"2025-03-01",0,6,0,"CVX"
15,8,"2025-02-01",0,6,0,"CVX"
16,8,"2025-01-01",0,6,0,"CVX"
16,8,"2024-12-01",0,6,0,"CVX"
13,11,"2025-03-01",0,16,0,"CMG"
14,11,"2025-02-01",0,15,0,"CMG"
14,11,"2025-01-01",0,15,0,"CMG"
14,11,"2024-12-01",0,15,0,"CMG"
13,11,"2025-03-01",1,6,1,"CB"
13,11,"2025-02-01",1,6,1,"CB"
14,10,"2025-01-01",1,6,1,"CB"
14,10,"2024-12-01",1,6,1,"CB"
8,13,"2025-03-01",4,4,1,"CHD"
8,14,"2025-02-01",3,4,1,"CHD"
8,15,"2025-01-01",2,4,1,"CHD"
8,15,"2024-12-01",2,4,1,"CHD"
15,9,"2025-03-01",0,10,0,"CI"
16,7,"2025-02-01",0,10,0,"CI"
17,6,"2025-01-01",0,11,0,"CI"
18,5,"2024-12-01",0,11,0,"CI"
7,6,"2025-03-01",0,3,0,"CINF"
7,6,"2025-02-01",0,3,0,"CINF"
7,6,"2025-01-01",0,3,0,"CINF"
7,6,"2024-12-01",0,3,0,"CINF"
8,11,"2025-03-01",2,4,1,"CTAS"
8,11,"2025-02-01",2,4,0,"CTAS"
8,11,"2025-01-01",2,4,0,"CTAS"
9,10,"2024-12-01",2,4,0,"CTAS"
11,13,"2025-03-01",0,6,0,"CSCO"
10,15,"2025-02-01",0,6,0,"CSCO"
8,17,"2025-01-01",0,7,0,"CSCO"
8,18,"2024-12-01",0,7,0,"CSCO"
14,6,"2025-03-01",0,7,0,"C"
15,5,"2025-02-01",0,7,0,"C"
15,6,"2025-01-01",0,7,0,"C"
14,7,"2024-12-01",0,7,0,"C"
8,11,"2025-03-01",0,6,0,"CFG"
8,12,"2025-02-01",0,6,0,"CFG"
8,11,"2025-01-01",0,7,0,"CFG"
8,12,"2024-12-01",0,6,0,"CFG"
2,17,"2025-03-01",8,1,1,"CLX"
1,18,"2025-02-01",8,1,1,"CLX"
1,17,"2025-01-01",9,1,1,"CLX"
1,17,"2024-12-01",9,1,1,"CLX"
5,10,"2025-03-01",3,4,0,"CME"
5,10,"2025-02-01",3,4,0,"CME"
5,9,"2025-01-01",3,5,0,"CME"
5,9,"2024-12-01",3,5,0,"CME"
8,10,"2025-03-01",0,5,0,"CMS"
7,10,"2025-02-01",0,6,0,"CMS"
7,11,"2025-01-01",0,6,0,"CMS"
7,11,"2024-12-01",0,6,0,"CMS"
21,7,"2025-03-01",0,8,0,"KO"
21,8,"2025-02-01",0,7,0,"KO"
19,9,"2025-01-01",0,6,0,"KO"
18,10,"2024-12-01",0,6,0,"KO"
6,22,"2025-03-01",2,3,0,"CTSH"
7,21,"2025-02-01",2,3,0,"CTSH"
7,21,"2025-01-01",2,4,0,"CTSH"
6,22,"2024-12-01",2,5,0,"CTSH"
14,10,"2025-03-01",1,6,1,"CL"
14,10,"2025-02-01",1,6,1,"CL"
14,10,"2025-01-01",1,6,1,"CL"
14,10,"2024-12-01",1,6,1,"CL"
16,16,"2025-03-01",0,7,0,"CMCSA"
17,15,"2025-02-01",0,7,0,"CMCSA"
17,13,"2025-01-01",1,8,0,"CMCSA"
17,13,"2024-12-01",1,8,0,"CMCSA"
4,17,"2025-03-01",0,1,0,"CAG"
5,16,"2025-02-01",0,1,0,"CAG"
5,16,"2025-01-01",0,1,0,"CAG"
5,14,"2024-12-01",1,1,0,"CAG"
21,4,"2025-03-01",0,8,0,"COP"
20,4,"2025-02-01",0,9,0,"COP"
18,5,"2025-01-01",0,9,0,"COP"
15,7,"2024-12-01",0,9,0,"COP"
0,14,"2025-03-01",7,3,3,"ED"
0,14,"2025-02-01",7,3,3,"ED"
0,15,"2025-01-01",7,3,3,"ED"
0,13,"2024-12-01",8,3,3,"ED"
18,9,"2025-03-01",0,3,0,"STZ"
18,9,"2025-02-01",0,3,0,"STZ"
18,6,"2025-01-01",0,6,0,"STZ"
16,7,"2024-12-01",0,6,0,"STZ"
9,7,"2025-03-01",0,5,0,"CEG"
10,5,"2025-02-01",0,5,0,"CEG"
13,6,"2025-01-01",0,5,0,"CEG"
13,7,"2024-12-01",0,4,0,"CEG"
8,9,"2025-03-01",0,7,0,"COO"
8,8,"2025-02-01",0,7,0,"COO"
8,9,"2025-01-01",0,7,0,"COO"
8,9,"2024-12-01",0,7,0,"COO"
7,5,"2025-03-01",0,5,0,"CPRT"
7,5,"2025-02-01",0,5,0,"CPRT"
7,5,"2025-01-01",0,5,0,"CPRT"
6,6,"2024-12-01",0,5,0,"CPRT"
9,5,"2025-03-01",0,5,0,"GLW"
9,6,"2025-02-01",0,5,0,"GLW"
8,7,"2025-01-01",0,5,0,"GLW"
8,7,"2024-12-01",0,5,0,"GLW"
11,6,"2025-03-01",0,8,0,"CPAY"
11,6,"2025-02-01",0,8,0,"CPAY"
11,7,"2025-01-01",0,7,0,"CPAY"
11,7,"2024-12-01",0,7,0,"CPAY"
14,9,"2025-03-01",0,7,0,"CTVA"
14,8,"2025-02-01",0,7,0,"CTVA"
15,8,"2025-01-01",0,7,0,"CTVA"
15,8,"2024-12-01",0,7,0,"CTVA"
12,4,"2025-03-01",1,6,0,"CSGP"
11,4,"2025-02-01",0,6,0,"CSGP"
10,4,"2025-01-01",0,6,0,"CSGP"
10,4,"2024-12-01",0,6,0,"CSGP"
18,15,"2025-03-01",0,13,0,"COST"
18,15,"2025-02-01",0,12,0,"COST"
18,15,"2025-01-01",0,12,0,"COST"
18,15,"2024-12-01",0,12,0,"COST"
19,5,"2025-03-01",0,8,0,"CTRA"
19,4,"2025-02-01",0,8,0,"CTRA"
18,5,"2025-01-01",0,7,0,"CTRA"
18,5,"2024-12-01",0,8,0,"CTRA"
30,12,"2025-03-01",1,14,0,"CRWD"
30,9,"2025-02-01",2,15,0,"CRWD"
32,9,"2025-01-01",2,15,0,"CRWD"
32,9,"2024-12-01",2,15,0,"CRWD"
7,13,"2025-03-01",2,2,1,"CCI"
7,13,"2025-02-01",2,2,1,"CCI"
5,13,"2025-01-01",2,3,1,"CCI"
5,14,"2024-12-01",1,3,1,"CCI"
14,10,"2025-03-01",0,8,0,"CSX"
15,9,"2025-02-01",0,8,0,"CSX"
14,11,"2025-01-01",0,7,0,"CSX"
14,11,"2024-12-01",0,7,0,"CSX"
6,17,"2025-03-01",0,5,0,"CMI"
6,17,"2025-02-01",0,5,0,"CMI"
6,16,"2025-01-01",1,5,0,"CMI"
6,15,"2024-12-01",2,5,0,"CMI"
15,11,"2025-03-01",0,7,0,"CVS"
14,13,"2025-02-01",0,6,0,"CVS"
14,13,"2025-01-01",0,6,0,"CVS"
13,14,"2024-12-01",0,6,0,"CVS"
14,8,"2025-03-01",0,11,0,"DHR"
16,6,"2025-02-01",0,11,0,"DHR"
15,7,"2025-01-01",1,11,0,"DHR"
15,7,"2024-12-01",1,9,0,"DHR"
11,13,"2025-03-01",0,11,1,"DRI"
11,13,"2025-02-01",0,11,1,"DRI"
11,14,"2025-01-01",0,10,1,"DRI"
12,11,"2024-12-01",0,11,1,"DRI"
1,10,"2025-03-01",5,0,1,"DVA"
1,9,"2025-02-01",5,0,1,"DVA"
1,9,"2025-01-01",5,0,1,"DVA"
4,7,"2024-12-01",1,1,0,"DVA"
9,9,"2025-03-01",1,5,0,"DAY"
9,10,"2025-02-01",0,5,0,"DAY"
10,9,"2025-01-01",0,5,0,"DAY"
10,9,"2024-12-01",0,5,0,"DAY"
16,8,"2025-03-01",1,4,0,"DECK"
16,10,"2025-02-01",1,3,0,"DECK"
16,10,"2025-01-01",1,3,0,"DECK"
16,10,"2024-12-01",1,3,0,"DECK"
11,13,"2025-03-01",1,7,0,"DE"
11,13,"2025-02-01",1,7,0,"DE"
11,13,"2025-01-01",1,7,0,"DE"
11,12,"2024-12-01",1,8,0,"DE"
21,4,"2025-03-01",0,5,0,"DELL"
21,4,"2025-02-01",0,5,0,"DELL"
21,4,"2025-01-01",0,6,0,"DELL"
21,4,"2024-12-01",0,6,0,"DELL"
17,1,"2025-03-01",0,9,0,"DAL"
17,1,"2025-02-01",0,9,0,"DAL"
16,2,"2025-01-01",0,9,0,"DAL"
17,2,"2024-12-01",0,8,0,"DAL"
15,12,"2025-03-01",0,8,0,"DVN"
15,11,"2025-02-01",0,8,0,"DVN"
14,15,"2025-01-01",0,6,0,"DVN"
16,13,"2024-12-01",1,5,0,"DVN"
12,5,"2025-03-01",0,15,0,"DXCM"
11,6,"2025-02-01",0,15,0,"DXCM"
11,7,"2025-01-01",0,14,0,"DXCM"
11,7,"2024-12-01",0,14,0,"DXCM"
20,8,"2025-03-01",0,6,0,"FANG"
24,6,"2025-02-01",0,7,0,"FANG"
25,5,"2025-01-01",0,6,0,"FANG"
23,6,"2024-12-01",0,6,0,"FANG"
12,11,"2025-03-01",1,6,0,"DLR"
15,8,"2025-02-01",1,6,0,"DLR"
12,11,"2025-01-01",1,6,0,"DLR"
12,11,"2024-12-01",1,6,0,"DLR"
7,11,"2025-03-01",0,3,0,"DFS"
7,11,"2025-02-01",0,3,0,"DFS"
4,13,"2025-01-01",0,3,0,"DFS"
4,13,"2024-12-01",0,3,0,"DFS"
9,22,"2025-03-01",0,8,1,"DG"
9,22,"2025-02-01",0,8,1,"DG"
9,22,"2025-01-01",0,8,1,"DG"
10,21,"2024-12-01",1,7,1,"DG"
10,21,"2025-03-01",1,3,0,"DLTR"
10,21,"2025-02-01",1,3,0,"DLTR"
10,21,"2025-01-01",1,3,0,"DLTR"
10,21,"2024-12-01",1,3,0,"DLTR"
5,17,"2025-03-01",0,3,0,"D"
5,17,"2025-02-01",0,3,0,"D"
5,18,"2025-01-01",0,3,0,"D"
5,17,"2024-12-01",0,3,0,"D"
14,12,"2025-03-01",1,11,0,"DPZ"
13,11,"2025-02-01",1,12,0,"DPZ"
14,12,"2025-01-01",1,12,0,"DPZ"
13,13,"2024-12-01",1,12,0,"DPZ"
9,8,"2025-03-01",0,6,0,"DOV"
10,7,"2025-02-01",0,6,0,"DOV"
9,8,"2025-01-01",0,6,0,"DOV"
8,10,"2024-12-01",0,5,0,"DOV"
5,18,"2025-03-01",0,3,0,"DOW"
5,18,"2025-02-01",0,3,0,"DOW"
6,19,"2025-01-01",0,2,0,"DOW"
5,21,"2024-12-01",0,2,0,"DOW"
8,13,"2025-03-01",2,3,0,"DHI"
8,13,"2025-02-01",2,3,0,"DHI"
9,11,"2025-01-01",2,4,0,"DHI"
10,11,"2024-12-01",1,4,0,"DHI"
9,10,"2025-03-01",0,5,0,"DTE"
10,8,"2025-02-01",0,6,0,"DTE"
9,10,"2025-01-01",0,5,0,"DTE"
9,10,"2024-12-01",0,5,0,"DTE"
7,12,"2025-03-01",0,5,0,"DUK"
7,12,"2025-02-01",0,5,0,"DUK"
8,12,"2025-01-01",0,5,0,"DUK"
8,12,"2024-12-01",0,5,0,"DUK"
14,4,"2025-03-01",1,7,0,"DD"
13,4,"2025-02-01",2,7,0,"DD"
13,6,"2025-01-01",2,6,0,"DD"
13,6,"2024-12-01",2,6,0,"DD"
8,12,"2025-03-01",0,5,0,"EMN"
8,12,"2025-02-01",0,5,0,"EMN"
8,13,"2025-01-01",0,3,0,"EMN"
8,12,"2024-12-01",0,4,0,"EMN"
16,11,"2025-03-01",0,6,0,"ETN"
16,11,"2025-02-01",0,6,0,"ETN"
17,10,"2025-01-01",0,6,0,"ETN"
17,10,"2024-12-01",0,6,0,"ETN"
10,21,"2025-03-01",2,6,1,"EBAY"
10,21,"2025-02-01",2,6,1,"EBAY"
10,22,"2025-01-01",2,6,1,"EBAY"
10,22,"2024-12-01",2,6,0,"EBAY"
10,14,"2025-03-01",0,7,0,"ECL"
10,14,"2025-02-01",0,7,0,"ECL"
10,15,"2025-01-01",0,7,0,"ECL"
9,16,"2024-12-01",0,7,0,"ECL"
10,6,"2025-03-01",1,6,0,"EIX"
9,7,"2025-02-01",1,6,0,"EIX"
9,7,"2025-01-01",1,7,1,"EIX"
9,7,"2024-12-01",1,7,1,"EIX"
14,18,"2025-03-01",0,8,1,"EW"
14,19,"2025-02-01",0,8,1,"EW"
14,21,"2025-01-01",0,7,0,"EW"
14,21,"2024-12-01",0,6,0,"EW"
7,20,"2025-03-01",0,9,0,"EA"
7,19,"2025-02-01",0,9,0,"EA"
11,16,"2025-01-01",0,10,0,"EA"
11,15,"2024-12-01",0,11,0,"EA"
14,7,"2025-03-01",1,6,0,"ELV"
14,7,"2025-02-01",1,6,0,"ELV"
14,6,"2025-01-01",1,7,0,"ELV"
15,5,"2024-12-01",1,7,0,"ELV"
19,6,"2025-03-01",1,6,0,"EMR"
19,6,"2025-02-01",1,6,0,"EMR"
18,6,"2025-01-01",1,6,0,"EMR"
17,7,"2024-12-01",1,5,0,"EMR"
17,22,"2025-03-01",2,3,1,"ENPH"
16,22,"2025-02-01",2,3,2,"ENPH"
19,21,"2025-01-01",2,3,2,"ENPH"
19,21,"2024-12-01",2,3,2,"ENPH"
10,9,"2025-03-01",0,5,0,"ETR"
9,9,"2025-02-01",0,4,0,"ETR"
10,10,"2025-01-01",0,4,0,"ETR"
11,9,"2024-12-01",0,4,0,"ETR"
16,15,"2025-03-01",0,6,0,"EOG"
14,16,"2025-02-01",0,6,0,"EOG"
14,17,"2025-01-01",0,6,0,"EOG"
13,18,"2024-12-01",0,6,0,"EOG"
14,7,"2025-03-01",1,6,0,"EPAM"
13,8,"2025-02-01",1,6,0,"EPAM"
14,7,"2025-01-01",1,7,0,"EPAM"
12,10,"2024-12-01",1,7,0,"EPAM"
11,12,"2025-03-01",0,7,0,"EQT"
12,11,"2025-02-01",0,7,0,"EQT"
12,11,"2025-01-01",0,5,0,"EQT"
11,10,"2024-12-01",0,5,0,"EQT"
11,6,"2025-03-01",0,8,0,"EFX"
12,5,"2025-02-01",0,9,0,"EFX"
12,5,"2025-01-01",0,9,0,"EFX"
10,6,"2024-12-01",0,10,0,"EFX"
19,5,"2025-03-01",0,9,0,"EQIX"
19,5,"2025-02-01",0,9,0,"EQIX"
18,6,"2025-01-01",0,9,0,"EQIX"
18,6,"2024-12-01",0,9,0,"EQIX"
11,16,"2025-03-01",0,3,0,"EQR"
11,16,"2025-02-01",0,3,0,"EQR"
10,16,"2025-01-01",0,3,0,"EQR"
10,16,"2024-12-01",0,3,0,"EQR"
3,2,"2025-03-01",0,3,0,"ERIE"
3,2,"2025-02-01",0,3,0,"ERIE"
3,2,"2025-01-01",0,3,0,"ERIE"
3,2,"2024-12-01",0,3,0,"ERIE"
9,18,"2025-03-01",1,2,1,"ESS"
9,18,"2025-02-01",1,2,1,"ESS"
7,19,"2025-01-01",1,2,1,"ESS"
7,20,"2024-12-01",0,2,1,"ESS"
8,25,"2025-03-01",3,3,0,"EL"
8,27,"2025-02-01",1,3,0,"EL"
8,27,"2025-01-01",1,3,0,"EL"
8,26,"2024-12-01",1,3,0,"EL"
7,9,"2025-03-01",0,6,0,"EG"
9,7,"2025-02-01",0,6,0,"EG"
8,7,"2025-01-01",0,6,0,"EG"
8,7,"2024-12-01",0,6,0,"EG"
7,6,"2025-03-01",0,7,0,"EVRG"
7,6,"2025-02-01",0,7,0,"EVRG"
7,8,"2025-01-01",0,5,0,"EVRG"
6,9,"2024-12-01",0,5,0,"EVRG"
10,9,"2025-03-01",1,7,1,"ES"
11,8,"2025-02-01",1,7,1,"ES"
11,9,"2025-01-01",1,7,1,"ES"
10,11,"2024-12-01",0,7,0,"ES"
6,11,"2025-03-01",1,5,0,"EXC"
6,11,"2025-02-01",1,5,0,"EXC"
5,14,"2025-01-01",1,4,0,"EXC"
5,14,"2024-12-01",1,4,0,"EXC"
11,24,"2025-03-01",0,8,0,"EXPE"
8,27,"2025-02-01",0,8,0,"EXPE"
9,27,"2025-01-01",0,8,0,"EXPE"
9,27,"2024-12-01",0,7,0,"EXPE"
0,12,"2025-03-01",7,0,3,"EXPD"
0,12,"2025-02-01",7,0,3,"EXPD"
0,12,"2025-01-01",7,0,3,"EXPD"
0,12,"2024-12-01",7,0,3,"EXPD"
7,12,"2025-03-01",1,2,1,"EXR"
7,12,"2025-02-01",1,2,1,"EXR"
7,11,"2025-01-01",2,2,1,"EXR"
7,11,"2024-12-01",2,2,1,"EXR"
12,12,"2025-03-01",1,7,0,"XOM"
13,12,"2025-02-01",1,6,0,"XOM"
14,12,"2025-01-01",1,6,0,"XOM"
14,12,"2024-12-01",1,6,0,"XOM"
1,13,"2025-03-01",2,0,2,"FFIV"
1,14,"2025-02-01",2,0,2,"FFIV"
1,14,"2025-01-01",2,0,2,"FFIV"
1,14,"2024-12-01",2,0,2,"FFIV"
3,14,"2025-03-01",9,0,2,"FDS"
3,14,"2025-02-01",9,0,2,"FDS"
3,14,"2025-01-01",9,0,2,"FDS"
3,14,"2024-12-01",9,0,2,"FDS"
10,7,"2025-03-01",2,5,0,"FICO"
9,8,"2025-02-01",2,5,0,"FICO"
9,8,"2025-01-01",2,5,0,"FICO"
9,7,"2024-12-01",2,5,0,"FICO"
0,14,"2025-03-01",3,2,3,"FAST"
0,14,"2025-02-01",3,2,3,"FAST"
0,13,"2025-01-01",4,2,3,"FAST"
0,13,"2024-12-01",3,3,3,"FAST"
11,5,"2025-03-01",0,5,0,"FRT"
10,5,"2025-02-01",0,5,0,"FRT"
11,5,"2025-01-01",0,5,0,"FRT"
10,6,"2024-12-01",0,5,0,"FRT"
14,11,"2025-03-01",2,8,0,"FDX"
15,10,"2025-02-01",2,8,0,"FDX"
17,10,"2025-01-01",2,8,0,"FDX"
17,9,"2024-12-01",2,9,0,"FDX"
12,16,"2025-03-01",1,7,0,"FIS"
12,16,"2025-02-01",1,7,0,"FIS"
11,15,"2025-01-01",1,9,0,"FIS"
11,15,"2024-12-01",1,9,0,"FIS"
10,11,"2025-03-01",0,8,0,"FITB"
10,11,"2025-02-01",0,8,0,"FITB"
9,12,"2025-01-01",0,8,0,"FITB"
9,12,"2024-12-01",0,8,0,"FITB"
26,5,"2025-03-01",0,12,0,"FSLR"
27,6,"2025-02-01",0,12,0,"FSLR"
27,8,"2025-01-01",0,12,0,"FSLR"
27,8,"2024-12-01",0,12,0,"FSLR"
10,10,"2025-03-01",1,5,0,"FE"
9,10,"2025-02-01",1,6,0,"FE"
10,9,"2025-01-01",1,7,0,"FE"
9,10,"2024-12-01",1,7,0,"FE"
21,7,"2025-03-01",0,17,0,"FI"
22,6,"2025-02-01",0,17,0,"FI"
21,7,"2025-01-01",0,18,0,"FI"
21,8,"2024-12-01",0,17,0,"FI"
6,14,"2025-03-01",2,2,0,"FMC"
10,11,"2025-02-01",1,2,0,"FMC"
9,12,"2025-01-01",1,2,0,"FMC"
9,12,"2024-12-01",1,2,0,"FMC"
3,17,"2025-03-01",4,2,5,"F"
3,18,"2025-02-01",4,2,5,"F"
7,16,"2025-01-01",2,4,3,"F"
7,18,"2024-12-01",2,4,1,"F"
16,26,"2025-03-01",2,5,0,"FTNT"
16,25,"2025-02-01",1,6,0,"FTNT"
16,27,"2025-01-01",1,6,0,"FTNT"
16,27,"2024-12-01",1,6,0,"FTNT"
14,9,"2025-03-01",0,2,0,"FTV"
14,9,"2025-02-01",0,2,0,"FTV"
14,9,"2025-01-01",0,2,0,"FTV"
14,8,"2024-12-01",0,3,0,"FTV"
10,14,"2025-03-01",1,5,0,"FOXA"
10,14,"2025-02-01",1,5,0,"FOXA"
10,14,"2025-01-01",1,5,0,"FOXA"
10,15,"2024-12-01",1,5,0,"FOXA"
0,11,"2025-03-01",9,0,1,"BEN"
0,11,"2025-02-01",9,0,1,"BEN"
0,10,"2025-01-01",10,0,1,"BEN"
0,10,"2024-12-01",10,0,1,"BEN"
12,11,"2025-03-01",0,4,0,"FCX"
12,12,"2025-02-01",0,3,0,"FCX"
12,9,"2025-01-01",0,7,0,"FCX"
13,8,"2024-12-01",0,7,0,"FCX"
2,6,"2025-03-01",4,1,2,"GRMN"
2,6,"2025-02-01",4,1,2,"GRMN"
2,7,"2025-01-01",4,0,2,"GRMN"
2,7,"2024-12-01",4,0,2,"GRMN"
7,6,"2025-03-01",2,5,0,"IT"
7,6,"2025-02-01",2,5,0,"IT"
6,7,"2025-01-01",2,5,0,"IT"
6,7,"2024-12-01",2,5,0,"IT"
16,2,"2025-03-01",0,9,0,"GE"
16,3,"2025-02-01",0,9,0,"GE"
16,2,"2025-01-01",0,9,0,"GE"
16,2,"2024-12-01",0,9,0,"GE"
9,8,"2025-03-01",1,8,0,"GEHC"
9,8,"2025-02-01",1,8,0,"GEHC"
9,8,"2025-01-01",1,7,0,"GEHC"
9,8,"2024-12-01",1,7,0,"GEHC"
18,8,"2025-03-01",0,7,0,"GEV"
16,8,"2025-02-01",0,6,0,"GEV"
17,7,"2025-01-01",0,7,0,"GEV"
15,7,"2024-12-01",0,7,0,"GEV"
4,7,"2025-03-01",0,3,0,"GEN"
5,5,"2025-02-01",1,3,0,"GEN"
6,6,"2025-01-01",0,3,0,"GEN"
5,6,"2024-12-01",0,3,0,"GEN"
13,7,"2025-03-01",1,11,1,"GNRC"
10,12,"2025-02-01",1,7,2,"GNRC"
11,11,"2025-01-01",1,7,2,"GNRC"
11,10,"2024-12-01",1,7,2,"GNRC"
13,12,"2025-03-01",1,7,0,"GD"
12,12,"2025-02-01",1,8,0,"GD"
14,10,"2025-01-01",1,9,0,"GD"
15,8,"2024-12-01",0,11,0,"GD"
4,18,"2025-03-01",0,3,0,"GIS"
4,18,"2025-02-01",0,3,0,"GIS"
4,18,"2025-01-01",0,3,0,"GIS"
4,19,"2024-12-01",0,2,0,"GIS"
16,11,"2025-03-01",2,7,0,"GM"
16,12,"2025-02-01",2,7,0,"GM"
15,12,"2025-01-01",3,8,0,"GM"
15,11,"2024-12-01",3,8,0,"GM"
5,11,"2025-03-01",0,2,0,"GPC"
5,11,"2025-02-01",0,2,0,"GPC"
4,10,"2025-01-01",0,3,0,"GPC"
4,10,"2024-12-01",0,3,0,"GPC"
15,11,"2025-03-01",0,11,0,"GILD"
14,14,"2025-02-01",0,10,0,"GILD"
13,15,"2025-01-01",0,10,0,"GILD"
14,15,"2024-12-01",0,10,0,"GILD"
12,16,"2025-03-01",2,10,0,"GPN"
12,16,"2025-02-01",2,10,0,"GPN"
13,14,"2025-01-01",2,12,0,"GPN"
13,14,"2024-12-01",2,12,0,"GPN"
10,6,"2025-03-01",0,4,0,"GL"
10,6,"2025-02-01",0,4,0,"GL"
9,6,"2025-01-01",0,4,0,"GL"
9,6,"2024-12-01",0,4,0,"GL"
10,9,"2025-03-01",1,6,0,"GDDY"
10,8,"2025-02-01",1,6,0,"GDDY"
10,8,"2025-01-01",1,6,0,"GDDY"
10,8,"2024-12-01",0,6,0,"GDDY"
12,10,"2025-03-01",0,8,0,"GS"
13,9,"2025-02-01",0,8,0,"GS"
15,9,"2025-01-01",0,8,0,"GS"
14,9,"2024-12-01",0,8,0,"GS"
17,9,"2025-03-01",0,7,0,"HAL"
17,10,"2025-02-01",0,7,0,"HAL"
17,7,"2025-01-01",0,9,0,"HAL"
18,5,"2024-12-01",0,9,0,"HAL"
10,12,"2025-03-01",0,3,0,"HIG"
10,12,"2025-02-01",0,3,0,"HIG"
10,13,"2025-01-01",0,3,0,"HIG"
10,13,"2024-12-01",0,3,0,"HIG"
7,4,"2025-03-01",0,7,0,"HAS"
7,4,"2025-02-01",0,7,0,"HAS"
7,4,"2025-01-01",0,8,0,"HAS"
7,4,"2024-12-01",0,8,0,"HAS"
12,8,"2025-03-01",1,9,0,"HCA"
12,8,"2025-02-01",1,9,0,"HCA"
13,7,"2025-01-01",1,9,0,"HCA"
13,8,"2024-12-01",0,9,0,"HCA"
11,6,"2025-03-01",0,7,0,"DOC"
11,6,"2025-02-01",0,7,0,"DOC"
10,7,"2025-01-01",0,7,0,"DOC"
10,7,"2024-12-01",0,7,0,"DOC"
5,10,"2025-03-01",1,6,0,"HSIC"
5,9,"2025-02-01",1,6,0,"HSIC"
5,8,"2025-01-01",3,5,0,"HSIC"
5,7,"2024-12-01",3,5,0,"HSIC"
2,20,"2025-03-01",8,1,2,"HSY"
2,19,"2025-02-01",8,1,3,"HSY"
2,20,"2025-01-01",7,1,3,"HSY"
2,20,"2024-12-01",7,1,3,"HSY"
6,10,"2025-03-01",0,4,0,"HES"
6,10,"2025-02-01",0,4,0,"HES"
6,11,"2025-01-01",0,4,0,"HES"
5,12,"2024-12-01",0,4,0,"HES"
7,8,"2025-03-01",0,4,0,"HPE"
7,8,"2025-02-01",0,4,0,"HPE"
8,8,"2025-01-01",0,6,0,"HPE"
6,11,"2024-12-01",0,5,0,"HPE"
9,19,"2025-03-01",0,4,0,"HLT"
10,18,"2025-02-01",0,4,0,"HLT"
10,17,"2025-01-01",0,4,0,"HLT"
10,17,"2024-12-01",0,4,0,"HLT"
7,15,"2025-03-01",1,5,0,"HOLX"
8,13,"2025-02-01",1,6,0,"HOLX"
8,13,"2025-01-01",1,6,0,"HOLX"
10,9,"2024-12-01",1,6,0,"HOLX"
24,12,"2025-03-01",0,12,1,"HD"
22,12,"2025-02-01",1,12,1,"HD"
23,12,"2025-01-01",1,12,1,"HD"
23,12,"2024-12-01",1,12,1,"HD"
13,14,"2025-03-01",0,4,0,"HON"
12,15,"2025-02-01",0,4,0,"HON"
12,15,"2025-01-01",0,4,0,"HON"
12,15,"2024-12-01",0,4,0,"HON"
1,9,"2025-03-01",7,1,1,"HRL"
1,9,"2025-02-01",7,1,1,"HRL"
0,11,"2025-01-01",6,1,1,"HRL"
0,11,"2024-12-01",6,1,1,"HRL"
9,4,"2025-03-01",2,9,0,"HST"
9,4,"2025-02-01",2,10,0,"HST"
9,4,"2025-01-01",2,10,0,"HST"
9,4,"2024-12-01",2,10,0,"HST"
16,5,"2025-03-01",0,8,1,"HWM"
15,5,"2025-02-01",0,8,1,"HWM"
17,4,"2025-01-01",0,8,1,"HWM"
17,4,"2024-12-01",0,8,1,"HWM"
4,13,"2025-03-01",1,2,0,"HPQ"
4,13,"2025-02-01",1,2,0,"HPQ"
5,13,"2025-01-01",1,2,0,"HPQ"
5,13,"2024-12-01",1,2,0,"HPQ"
7,10,"2025-03-01",0,4,0,"HUBB"
7,10,"2025-02-01",0,4,0,"HUBB"
7,10,"2025-01-01",0,4,0,"HUBB"
7,10,"2024-12-01",0,4,0,"HUBB"
6,20,"2025-03-01",1,4,0,"HUM"
7,19,"2025-02-01",1,4,0,"HUM"
7,19,"2025-01-01",1,4,0,"HUM"
7,19,"2024-12-01",1,4,0,"HUM"
12,8,"2025-03-01",1,6,0,"HBAN"
12,9,"2025-02-01",1,6,0,"HBAN"
11,9,"2025-01-01",1,6,0,"HBAN"
11,9,"2024-12-01",1,6,0,"HBAN"
1,11,"2025-03-01",6,1,1,"HII"
0,12,"2025-02-01",6,1,1,"HII"
1,13,"2025-01-01",6,1,1,"HII"
1,13,"2024-12-01",6,1,1,"HII"
8,9,"2025-03-01",3,6,0,"IBM"
7,10,"2025-02-01",3,4,0,"IBM"
7,12,"2025-01-01",3,4,0,"IBM"
7,12,"2024-12-01",3,4,0,"IBM"
6,7,"2025-03-01",1,5,0,"IEX"
6,8,"2025-02-01",0,5,0,"IEX"
5,9,"2025-01-01",0,5,0,"IEX"
5,9,"2024-12-01",0,5,0,"IEX"
9,7,"2025-03-01",0,5,0,"IDXX"
8,8,"2025-02-01",0,5,0,"IDXX"
8,8,"2025-01-01",0,5,0,"IDXX"
7,8,"2024-12-01",1,4,0,"IDXX"
2,16,"2025-03-01",7,1,2,"ITW"
2,17,"2025-02-01",6,1,2,"ITW"
2,15,"2025-01-01",8,1,2,"ITW"
2,15,"2024-12-01",8,1,2,"ITW"
6,15,"2025-03-01",1,11,0,"INCY"
6,15,"2025-02-01",1,11,0,"INCY"
6,15,"2025-01-01",1,11,0,"INCY"
6,14,"2024-12-01",1,11,0,"INCY"
10,9,"2025-03-01",0,6,0,"IR"
10,9,"2025-02-01",0,6,0,"IR"
10,8,"2025-01-01",1,6,0,"IR"
10,7,"2024-12-01",1,7,0,"IR"
13,5,"2025-03-01",0,12,0,"PODD"
13,5,"2025-02-01",0,12,0,"PODD"
13,5,"2025-01-01",0,12,0,"PODD"
13,5,"2024-12-01",0,12,0,"PODD"
1,39,"2025-03-01",6,1,3,"INTC"
2,38,"2025-02-01",6,1,3,"INTC"
2,38,"2025-01-01",7,1,3,"INTC"
3,37,"2024-12-01",6,1,3,"INTC"
13,4,"2025-03-01",0,5,0,"ICE"
13,4,"2025-02-01",0,5,0,"ICE"
13,4,"2025-01-01",0,5,0,"ICE"
13,4,"2024-12-01",0,5,0,"ICE"
10,6,"2025-03-01",1,8,1,"IFF"
11,6,"2025-02-01",0,8,1,"IFF"
11,7,"2025-01-01",0,7,1,"IFF"
10,8,"2024-12-01",0,7,1,"IFF"
7,5,"2025-03-01",1,5,1,"IP"
7,4,"2025-02-01",1,5,1,"IP"
7,5,"2025-01-01",1,5,0,"IP"
7,5,"2024-12-01",1,5,0,"IP"
6,8,"2025-03-01",0,1,0,"IPG"
6,6,"2025-02-01",1,2,0,"IPG"
3,8,"2025-01-01",2,3,0,"IPG"
1,8,"2024-12-01",8,3,1,"IPG"
19,8,"2025-03-01",1,10,0,"INTU"
18,8,"2025-02-01",1,10,0,"INTU"
18,9,"2025-01-01",0,10,0,"INTU"
18,9,"2024-12-01",0,10,0,"INTU"
14,13,"2025-03-01",0,12,0,"ISRG"
16,11,"2025-02-01",0,12,0,"ISRG"
17,11,"2025-01-01",0,12,0,"ISRG"
16,10,"2024-12-01",0,12,0,"ISRG"
4,14,"2025-03-01",1,2,0,"IVZ"
4,14,"2025-02-01",1,2,0,"IVZ"
4,14,"2025-01-01",1,2,0,"IVZ"
4,14,"2024-12-01",1,2,0,"IVZ"
11,16,"2025-03-01",0,3,0,"INVH"
11,16,"2025-02-01",0,3,0,"INVH"
12,13,"2025-01-01",0,4,0,"INVH"
12,13,"2024-12-01",0,4,0,"INVH"
17,7,"2025-03-01",0,7,0,"IQV"
17,6,"2025-02-01",0,8,0,"IQV"
17,6,"2025-01-01",0,8,0,"IQV"
16,7,"2024-12-01",0,7,0,"IQV"
8,2,"2025-03-01",1,2,0,"IRM"
8,2,"2025-02-01",1,2,0,"IRM"
8,2,"2025-01-01",1,2,0,"IRM"
8,2,"2024-12-01",1,2,0,"IRM"
13,7,"2025-03-01",1,9,0,"JBHT"
13,7,"2025-02-01",1,9,0,"JBHT"
12,8,"2025-01-01",1,9,0,"JBHT"
12,8,"2024-12-01",1,9,0,"JBHT"
8,3,"2025-03-01",0,3,0,"JBL"
8,3,"2025-02-01",0,3,0,"JBL"
8,3,"2025-01-01",0,4,0,"JBL"
8,3,"2024-12-01",0,4,0,"JBL"
4,13,"2025-03-01",2,6,0,"JKHY"
4,13,"2025-02-01",2,6,0,"JKHY"
4,12,"2025-01-01",1,6,0,"JKHY"
4,12,"2024-12-01",1,6,0,"JKHY"
10,8,"2025-03-01",0,6,0,"J"
10,8,"2025-02-01",0,6,0,"J"
10,8,"2025-01-01",0,6,0,"J"
10,7,"2024-12-01",0,6,0,"J"
9,14,"2025-03-01",0,5,0,"JNJ"
9,14,"2025-02-01",0,5,0,"JNJ"
10,14,"2025-01-01",0,6,0,"JNJ"
11,13,"2024-12-01",0,6,0,"JNJ"
10,11,"2025-03-01",0,6,0,"JCI"
9,12,"2025-02-01",0,6,0,"JCI"
11,11,"2025-01-01",0,6,0,"JCI"
10,13,"2024-12-01",0,5,0,"JCI"
13,10,"2025-03-01",0,4,1,"JPM"
13,10,"2025-02-01",0,4,1,"JPM"
14,10,"2025-01-01",0,3,1,"JPM"
14,10,"2024-12-01",0,3,1,"JPM"
4,10,"2025-03-01",0,2,0,"JNPR"
3,13,"2025-02-01",0,3,0,"JNPR"
4,14,"2025-01-01",0,3,0,"JNPR"
4,14,"2024-12-01",0,3,0,"JNPR"
4,18,"2025-03-01",0,2,0,"K"
4,18,"2025-02-01",0,2,0,"K"
4,18,"2025-01-01",0,2,0,"K"
4,18,"2024-12-01",0,2,0,"K"
6,13,"2025-03-01",0,4,0,"KVUE"
7,12,"2025-02-01",0,4,0,"KVUE"
6,13,"2025-01-01",0,4,0,"KVUE"
6,12,"2024-12-01",0,4,0,"KVUE"
9,11,"2025-03-01",0,4,0,"KDP"
9,11,"2025-02-01",0,4,0,"KDP"
9,10,"2025-01-01",0,4,0,"KDP"
8,11,"2024-12-01",0,4,0,"KDP"
9,13,"2025-03-01",0,5,0,"KEY"
9,13,"2025-02-01",0,4,0,"KEY"
10,12,"2025-01-01",0,3,0,"KEY"
10,12,"2024-12-01",0,3,0,"KEY"
12,2,"2025-03-01",1,4,0,"KEYS"
12,2,"2025-02-01",1,4,0,"KEYS"
12,2,"2025-01-01",1,4,0,"KEYS"
11,3,"2024-12-01",1,4,0,"KEYS"
7,13,"2025-03-01",1,2,1,"KMB"
7,13,"2025-02-01",1,2,1,"KMB"
8,12,"2025-01-01",1,2,1,"KMB"
8,12,"2024-12-01",1,2,1,"KMB"
4,17,"2025-03-01",0,6,0,"KIM"
4,16,"2025-02-01",0,6,0,"KIM"
4,16,"2025-01-01",0,7,0,"KIM"
5,15,"2024-12-01",0,7,0,"KIM"
9,12,"2025-03-01",0,4,0,"KMI"
9,12,"2025-02-01",0,4,0,"KMI"
8,11,"2025-01-01",0,4,0,"KMI"
8,11,"2024-12-01",0,4,0,"KMI"
13,4,"2025-03-01",0,7,0,"KKR"
12,4,"2025-02-01",0,8,0,"KKR"
14,3,"2025-01-01",0,8,0,"KKR"
14,3,"2024-12-01",0,8,0,"KKR"
13,10,"2025-03-01",0,9,0,"KLAC"
15,10,"2025-02-01",0,9,0,"KLAC"
14,11,"2025-01-01",0,9,0,"KLAC"
14,11,"2024-12-01",0,9,0,"KLAC"
5,17,"2025-03-01",2,3,0,"KHC"
6,15,"2025-02-01",1,5,0,"KHC"
7,14,"2025-01-01",1,5,0,"KHC"
7,14,"2024-12-01",1,5,0,"KHC"
11,13,"2025-03-01",0,9,0,"KR"
10,13,"2025-02-01",0,9,0,"KR"
10,12,"2025-01-01",0,9,0,"KR"
11,11,"2024-12-01",0,8,0,"KR"
12,7,"2025-03-01",1,8,0,"LHX"
13,6,"2025-02-01",1,8,0,"LHX"
14,8,"2025-01-01",1,6,0,"LHX"
14,8,"2024-12-01",1,6,0,"LHX"
13,6,"2025-03-01",0,9,0,"LH"
13,6,"2025-02-01",0,9,0,"LH"
12,6,"2025-01-01",0,9,0,"LH"
12,6,"2024-12-01",0,9,0,"LH"
19,9,"2025-03-01",0,8,0,"LRCX"
19,10,"2025-02-01",0,8,0,"LRCX"
16,12,"2025-01-01",0,9,0,"LRCX"
15,11,"2024-12-01",0,9,0,"LRCX"
7,10,"2025-03-01",0,4,0,"LW"
7,10,"2025-02-01",0,4,0,"LW"
7,10,"2025-01-01",0,4,0,"LW"
7,7,"2024-12-01",0,5,0,"LW"
13,6,"2025-03-01",0,5,0,"LVS"
13,6,"2025-02-01",0,5,0,"LVS"
14,6,"2025-01-01",0,4,0,"LVS"
14,6,"2024-12-01",0,4,0,"LVS"
7,8,"2025-03-01",0,8,0,"LDOS"
9,7,"2025-02-01",0,7,0,"LDOS"
10,6,"2025-01-01",0,7,0,"LDOS"
11,4,"2024-12-01",0,7,0,"LDOS"
12,7,"2025-03-01",1,5,1,"LEN"
7,16,"2025-02-01",0,2,0,"LEN"
7,14,"2025-01-01",1,3,0,"LEN"
8,12,"2024-12-01",1,4,0,"LEN"
3,12,"2025-03-01",8,2,3,"LII"
2,14,"2025-02-01",7,2,3,"LII"
7,11,"2025-01-01",2,3,2,"LII"
7,11,"2024-12-01",2,3,2,"LII"
16,6,"2025-03-01",0,10,0,"LLY"
14,8,"2025-02-01",0,11,0,"LLY"
15,8,"2025-01-01",0,11,0,"LLY"
17,7,"2024-12-01",0,10,0,"LLY"
17,9,"2025-03-01",1,6,0,"LIN"
15,9,"2025-02-01",1,6,0,"LIN"
15,11,"2025-01-01",1,6,0,"LIN"
15,11,"2024-12-01",1,6,0,"LIN"
15,2,"2025-03-01",2,7,0,"LYV"
15,2,"2025-02-01",2,7,0,"LYV"
15,2,"2025-01-01",2,7,0,"LYV"
15,2,"2024-12-01",2,7,0,"LYV"
6,3,"2025-03-01",0,5,0,"LKQ"
6,3,"2025-02-01",0,5,0,"LKQ"
6,3,"2025-01-01",0,5,0,"LKQ"
6,3,"2024-12-01",0,5,0,"LKQ"
10,12,"2025-03-01",1,5,0,"LMT"
10,12,"2025-02-01",1,5,0,"LMT"
10,12,"2025-01-01",1,5,0,"LMT"
10,12,"2024-12-01",1,5,0,"LMT"
0,3,"2023-01-01",2,0,2,"L"
0,3,"2022-12-01",2,0,2,"L"
0,3,"2022-11-01",2,0,2,"L"
0,3,"2022-10-01",2,0,2,"L"
16,15,"2025-03-01",2,9,0,"LOW"
15,16,"2025-02-01",2,9,0,"LOW"
15,16,"2025-01-01",2,9,0,"LOW"
15,16,"2024-12-01",2,9,0,"LOW"
16,11,"2025-03-01",2,11,1,"LULU"
16,11,"2025-02-01",2,11,1,"LULU"
15,14,"2025-01-01",2,10,1,"LULU"
15,14,"2024-12-01",2,10,1,"LULU"
9,15,"2025-03-01",1,2,1,"LYB"
9,15,"2025-02-01",1,2,1,"LYB"
10,15,"2025-01-01",1,2,1,"LYB"
10,15,"2024-12-01",1,2,1,"LYB"
7,9,"2025-03-01",1,7,0,"MTB"
7,9,"2025-02-01",1,7,0,"MTB"
6,11,"2025-01-01",1,8,0,"MTB"
7,10,"2024-12-01",1,8,0,"MTB"
10,9,"2025-03-01",0,4,0,"MPC"
10,8,"2025-02-01",0,4,1,"MPC"
10,8,"2025-01-01",0,4,1,"MPC"
10,8,"2024-12-01",0,4,1,"MPC"
5,10,"2025-03-01",1,4,0,"MKTX"
5,10,"2025-02-01",1,4,0,"MKTX"
5,10,"2025-01-01",1,4,0,"MKTX"
5,10,"2024-12-01",1,4,0,"MKTX"
9,18,"2025-03-01",1,4,0,"MAR"
7,20,"2025-02-01",1,4,0,"MAR"
7,19,"2025-01-01",1,4,0,"MAR"
7,19,"2024-12-01",1,4,0,"MAR"
7,15,"2025-03-01",2,1,0,"MMC"
7,15,"2025-02-01",2,1,0,"MMC"
8,14,"2025-01-01",2,1,0,"MMC"
7,15,"2024-12-01",2,1,0,"MMC"
14,7,"2025-03-01",0,6,0,"MLM"
15,6,"2025-02-01",0,6,0,"MLM"
15,7,"2025-01-01",0,5,0,"MLM"
15,7,"2024-12-01",0,5,0,"MLM"
7,15,"2025-03-01",1,4,0,"MAS"
7,15,"2025-02-01",1,4,0,"MAS"
7,16,"2025-01-01",1,3,0,"MAS"
8,14,"2024-12-01",1,4,0,"MAS"
28,8,"2025-03-01",0,13,0,"MA"
27,9,"2025-02-01",0,12,0,"MA"
29,9,"2025-01-01",0,12,0,"MA"
29,9,"2024-12-01",0,12,0,"MA"
11,16,"2025-03-01",0,4,0,"MTCH"
12,16,"2025-02-01",0,4,0,"MTCH"
13,15,"2025-01-01",0,5,0,"MTCH"
14,13,"2024-12-01",0,6,0,"MTCH"
5,10,"2025-03-01",1,5,0,"MKC"
5,10,"2025-02-01",1,5,0,"MKC"
4,11,"2025-01-01",1,5,0,"MKC"
4,12,"2024-12-01",1,4,0,"MKC"
21,14,"2025-03-01",0,9,0,"MCD"
20,15,"2025-02-01",0,9,0,"MCD"
20,16,"2025-01-01",0,8,0,"MCD"
20,16,"2024-12-01",0,8,0,"MCD"
11,4,"2025-03-01",0,7,0,"MCK"
11,4,"2025-02-01",0,7,0,"MCK"
11,4,"2025-01-01",0,7,0,"MCK"
11,4,"2024-12-01",0,7,0,"MCK"
13,17,"2025-03-01",1,4,1,"MDT"
13,17,"2025-02-01",1,5,1,"MDT"
14,16,"2025-01-01",1,5,1,"MDT"
14,16,"2024-12-01",1,5,1,"MDT"
11,10,"2025-03-01",0,8,0,"MRK"
14,10,"2025-02-01",0,8,0,"MRK"
15,9,"2025-01-01",0,8,0,"MRK"
16,8,"2024-12-01",0,8,0,"MRK"
45,7,"2025-03-01",2,24,0,"META"
45,8,"2025-02-01",2,23,0,"META"
44,9,"2025-01-01",2,23,0,"META"
42,8,"2024-12-01",2,24,0,"META"
11,6,"2025-03-01",0,4,0,"MET"
11,6,"2025-02-01",0,4,0,"MET"
12,5,"2025-01-01",0,4,0,"MET"
12,5,"2024-12-01",0,4,0,"MET"
3,13,"2025-03-01",0,2,1,"MTD"
3,13,"2025-02-01",0,2,1,"MTD"
0,14,"2025-01-01",4,1,2,"MTD"
0,13,"2024-12-01",4,1,3,"MTD"
16,5,"2025-03-01",0,6,0,"MGM"
15,6,"2025-02-01",0,6,0,"MGM"
15,6,"2025-01-01",0,6,0,"MGM"
16,6,"2024-12-01",0,5,0,"MGM"
13,8,"2025-03-01",1,8,0,"MCHP"
14,8,"2025-02-01",1,8,0,"MCHP"
14,8,"2025-01-01",1,8,0,"MCHP"
14,9,"2024-12-01",0,8,0,"MCHP"
26,6,"2025-03-01",1,13,0,"MU"
27,6,"2025-02-01",1,13,0,"MU"
27,6,"2025-01-01",1,13,0,"MU"
27,5,"2024-12-01",1,14,0,"MU"
37,6,"2025-03-01",0,21,0,"MSFT"
37,6,"2025-02-01",0,22,0,"MSFT"
38,5,"2025-01-01",0,22,0,"MSFT"
38,5,"2024-12-01",0,22,0,"MSFT"
9,13,"2025-03-01",1,7,1,"MAA"
9,13,"2025-02-01",1,7,1,"MAA"
7,13,"2025-01-01",1,7,1,"MAA"
6,14,"2024-12-01",1,7,1,"MAA"
8,18,"2025-03-01",3,2,1,"MRNA"
9,17,"2025-02-01",3,2,1,"MRNA"
12,15,"2025-01-01",3,2,1,"MRNA"
12,16,"2024-12-01",2,3,1,"MRNA"
7,10,"2025-03-01",0,5,0,"MHK"
7,10,"2025-02-01",0,5,0,"MHK"
6,12,"2025-01-01",0,4,0,"MHK"
6,12,"2024-12-01",0,4,0,"MHK"
7,10,"2025-03-01",2,2,0,"MOH"
7,11,"2025-02-01",1,2,0,"MOH"
7,11,"2025-01-01",1,2,0,"MOH"
8,10,"2024-12-01",1,2,0,"MOH"
7,15,"2025-03-01",2,2,0,"TAP"
7,14,"2025-02-01",2,1,1,"TAP"
7,14,"2025-01-01",2,2,1,"TAP"
6,15,"2024-12-01",2,1,1,"TAP"
18,8,"2025-03-01",0,6,1,"MDLZ"
17,9,"2025-02-01",0,7,0,"MDLZ"
19,6,"2025-01-01",0,8,0,"MDLZ"
20,5,"2024-12-01",0,8,0,"MDLZ"
12,6,"2025-03-01",0,5,0,"MPWR"
12,6,"2025-02-01",0,5,0,"MPWR"
12,6,"2025-01-01",0,4,0,"MPWR"
12,6,"2024-12-01",0,4,0,"MPWR"
11,12,"2025-03-01",2,7,0,"MNST"
11,13,"2025-02-01",2,7,0,"MNST"
11,13,"2025-01-01",2,7,0,"MNST"
11,12,"2024-12-01",2,7,0,"MNST"
8,11,"2025-03-01",1,7,0,"MCO"
8,11,"2025-02-01",1,7,0,"MCO"
8,11,"2025-01-01",1,7,0,"MCO"
8,11,"2024-12-01",1,6,0,"MCO"
8,17,"2025-03-01",0,6,0,"MS"
8,17,"2025-02-01",0,6,0,"MS"
8,18,"2025-01-01",0,6,0,"MS"
7,17,"2024-12-01",1,6,0,"MS"
5,12,"2025-03-01",3,4,0,"MOS"
5,13,"2025-02-01",2,4,0,"MOS"
6,12,"2025-01-01",2,4,0,"MOS"
7,11,"2024-12-01",2,3,0,"MOS"
9,3,"2025-03-01",0,5,0,"MSI"
9,3,"2025-02-01",0,6,0,"MSI"
9,3,"2025-01-01",0,6,0,"MSI"
9,3,"2024-12-01",0,6,0,"MSI"
14,5,"2025-03-01",1,4,0,"MSCI"
14,5,"2025-02-01",1,4,0,"MSCI"
14,5,"2025-01-01",1,4,0,"MSCI"
13,7,"2024-12-01",1,3,0,"MSCI"
13,6,"2025-03-01",0,6,0,"NDAQ"
13,6,"2025-02-01",0,6,0,"NDAQ"
12,9,"2025-01-01",0,6,0,"NDAQ"
11,10,"2024-12-01",0,6,0,"NDAQ"
8,17,"2025-03-01",0,3,0,"NTAP"
9,15,"2025-02-01",1,3,0,"NTAP"
9,15,"2025-01-01",1,4,0,"NTAP"
8,16,"2024-12-01",1,4,0,"NTAP"
24,14,"2025-03-01",0,15,0,"NFLX"
25,14,"2025-02-01",0,15,0,"NFLX"
24,15,"2025-01-01",3,13,0,"NFLX"
25,15,"2024-12-01",2,12,0,"NFLX"
8,9,"2025-03-01",0,7,0,"NEM"
8,9,"2025-02-01",0,7,0,"NEM"
8,10,"2025-01-01",0,6,0,"NEM"
9,9,"2024-12-01",0,6,0,"NEM"
10,2,"2025-03-01",0,4,0,"NWSA"
11,1,"2025-02-01",0,4,0,"NWSA"
10,1,"2025-01-01",0,3,0,"NWSA"
10,1,"2024-12-01",0,3,0,"NWSA"
12,8,"2025-03-01",1,6,0,"NEE"
12,8,"2025-02-01",1,6,0,"NEE"
13,8,"2025-01-01",1,6,0,"NEE"
13,8,"2024-12-01",1,6,0,"NEE"
15,18,"2025-03-01",2,7,0,"NKE"
15,18,"2025-02-01",2,8,0,"NKE"
15,20,"2025-01-01",2,9,0,"NKE"
16,19,"2024-12-01",2,9,0,"NKE"
12,3,"2025-03-01",0,9,0,"NI"
12,3,"2025-02-01",0,9,0,"NI"
12,3,"2025-01-01",0,9,0,"NI"
12,3,"2024-12-01",0,9,0,"NI"
7,7,"2025-03-01",0,2,0,"NDSN"
8,6,"2025-02-01",0,2,0,"NDSN"
7,7,"2025-01-01",0,2,0,"NDSN"
6,7,"2024-12-01",0,3,0,"NDSN"
12,13,"2025-03-01",1,6,0,"NSC"
14,11,"2025-02-01",1,6,0,"NSC"
13,12,"2025-01-01",1,6,0,"NSC"
13,12,"2024-12-01",1,6,0,"NSC"
5,12,"2025-03-01",1,3,1,"NTRS"
5,12,"2025-02-01",1,3,1,"NTRS"
1,13,"2025-01-01",2,1,3,"NTRS"
1,12,"2024-12-01",3,1,3,"NTRS"
11,12,"2025-03-01",1,5,0,"NOC"
11,11,"2025-02-01",1,5,1,"NOC"
10,13,"2025-01-01",1,4,1,"NOC"
10,13,"2024-12-01",1,4,1,"NOC"
11,9,"2025-03-01",1,8,0,"NCLH"
11,8,"2025-02-01",1,8,0,"NCLH"
11,8,"2025-01-01",1,8,0,"NCLH"
9,10,"2024-12-01",1,8,0,"NCLH"
6,5,"2025-03-01",0,4,0,"NRG"
6,5,"2025-02-01",0,4,0,"NRG"
4,7,"2025-01-01",0,4,0,"NRG"
5,6,"2024-12-01",0,4,0,"NRG"
8,7,"2025-03-01",1,4,0,"NUE"
8,7,"2025-02-01",1,4,0,"NUE"
7,8,"2025-01-01",1,4,0,"NUE"
7,7,"2024-12-01",1,4,0,"NUE"
36,8,"2025-03-01",0,25,0,"NVDA"
38,7,"2025-02-01",0,24,0,"NVDA"
40,7,"2025-01-01",0,24,0,"NVDA"
40,7,"2024-12-01",0,23,0,"NVDA"
2,7,"2025-03-01",0,2,0,"NVR"
2,7,"2025-02-01",0,2,0,"NVR"
2,7,"2025-01-01",0,2,0,"NVR"
2,7,"2024-12-01",0,2,0,"NVR"
20,9,"2025-03-01",0,8,0,"NXPI"
20,9,"2025-02-01",0,7,1,"NXPI"
19,10,"2025-01-01",0,7,1,"NXPI"
19,10,"2024-12-01",0,7,1,"NXPI"
20,9,"2025-03-01",0,7,0,"ORLY"
20,9,"2025-02-01",0,7,0,"ORLY"
18,11,"2025-01-01",0,7,0,"ORLY"
17,11,"2024-12-01",0,7,0,"ORLY"
7,18,"2025-03-01",2,4,0,"OXY"
7,18,"2025-02-01",2,4,0,"OXY"
7,20,"2025-01-01",1,4,0,"OXY"
7,20,"2024-12-01",1,4,0,"OXY"
4,17,"2025-03-01",2,6,1,"ODFL"
5,17,"2025-02-01",2,5,1,"ODFL"
5,17,"2025-01-01",2,5,1,"ODFL"
5,17,"2024-12-01",2,5,1,"ODFL"
10,4,"2025-03-01",1,1,0,"OMC"
10,3,"2025-02-01",1,2,0,"OMC"
10,3,"2025-01-01",0,3,0,"OMC"
11,3,"2024-12-01",1,3,0,"OMC"
19,14,"2025-03-01",2,6,0,"ON"
20,15,"2025-02-01",2,5,0,"ON"
21,14,"2025-01-01",2,5,0,"ON"
21,14,"2024-12-01",2,5,0,"ON"
9,8,"2025-03-01",0,5,0,"OKE"
10,9,"2025-02-01",0,3,0,"OKE"
9,9,"2025-01-01",0,3,0,"OKE"
10,8,"2024-12-01",0,3,0,"OKE"
19,14,"2025-03-01",0,11,1,"ORCL"
18,15,"2025-02-01",0,11,1,"ORCL"
17,15,"2025-01-01",0,11,1,"ORCL"
18,15,"2024-12-01",0,10,0,"ORCL"
6,11,"2025-03-01",1,3,1,"OTIS"
6,11,"2025-02-01",1,3,1,"OTIS"
7,11,"2025-01-01",1,3,1,"OTIS"
7,13,"2024-12-01",0,3,0,"OTIS"
8,13,"2025-03-01",1,4,1,"PCAR"
8,13,"2025-02-01",1,4,1,"PCAR"
8,14,"2025-01-01",1,3,1,"PCAR"
8,14,"2024-12-01",0,4,1,"PCAR"
5,4,"2025-03-01",1,4,0,"PKG"
4,5,"2025-02-01",1,4,0,"PKG"
5,5,"2025-01-01",0,4,0,"PKG"
5,6,"2024-12-01",0,3,0,"PKG"
3,15,"2025-03-01",4,2,4,"PLTR"
1,15,"2025-02-01",4,2,4,"PLTR"
1,14,"2025-01-01",4,2,5,"PLTR"
1,12,"2024-12-01",4,2,5,"PLTR"
29,13,"2025-03-01",2,15,1,"PANW"
29,13,"2025-02-01",2,15,1,"PANW"
30,13,"2025-01-01",2,16,0,"PANW"
30,13,"2024-12-01",2,16,0,"PANW"
2,13,"2025-03-01",8,3,5,"PARA"
3,12,"2025-02-01",8,3,5,"PARA"
3,12,"2025-01-01",8,3,5,"PARA"
3,14,"2024-12-01",8,2,5,"PARA"
17,5,"2025-03-01",0,9,0,"PH"
16,6,"2025-02-01",0,8,0,"PH"
16,7,"2025-01-01",0,8,0,"PH"
17,6,"2024-12-01",0,8,0,"PH"
0,16,"2025-03-01",3,1,3,"PAYX"
0,16,"2025-02-01",3,1,3,"PAYX"
0,17,"2025-01-01",3,1,3,"PAYX"
0,17,"2024-12-01",3,1,3,"PAYX"
6,17,"2025-03-01",0,3,0,"PAYC"
6,17,"2025-02-01",0,3,0,"PAYC"
6,18,"2025-01-01",0,3,0,"PAYC"
6,18,"2024-12-01",0,3,0,"PAYC"
19,23,"2025-03-01",0,9,0,"PYPL"
18,24,"2025-02-01",0,9,0,"PYPL"
20,24,"2025-01-01",0,10,0,"PYPL"
20,26,"2024-12-01",0,8,0,"PYPL"
10,9,"2025-03-01",0,6,0,"PNR"
10,10,"2025-02-01",0,5,0,"PNR"
11,9,"2025-01-01",0,5,0,"PNR"
11,9,"2024-12-01",0,5,0,"PNR"
8,15,"2025-03-01",1,4,0,"PEP"
10,13,"2025-02-01",1,4,0,"PEP"
9,13,"2025-01-01",1,4,0,"PEP"
8,14,"2024-12-01",1,4,0,"PEP"
7,14,"2025-03-01",0,5,1,"PFE"
9,14,"2025-02-01",0,5,1,"PFE"
10,14,"2025-01-01",0,5,1,"PFE"
10,14,"2024-12-01",0,5,1,"PFE"
9,7,"2025-03-01",1,6,0,"PCG"
9,7,"2025-02-01",0,7,0,"PCG"
9,7,"2025-01-01",0,7,0,"PCG"
9,7,"2024-12-01",0,7,0,"PCG"
12,3,"2025-03-01",1,7,0,"PM"
12,3,"2025-02-01",1,7,0,"PM"
11,3,"2025-01-01",1,7,0,"PM"
11,3,"2024-12-01",1,7,0,"PM"
10,7,"2025-03-01",1,6,0,"PSX"
10,7,"2025-02-01",1,6,0,"PSX"
11,7,"2025-01-01",1,5,0,"PSX"
12,6,"2024-12-01",1,5,0,"PSX"
4,10,"2025-03-01",0,7,0,"PNW"
4,10,"2025-02-01",0,7,0,"PNW"
4,10,"2025-01-01",0,7,0,"PNW"
3,11,"2024-12-01",0,7,0,"PNW"
10,8,"2025-03-01",2,7,0,"PNC"
10,8,"2025-02-01",2,7,0,"PNC"
11,8,"2025-01-01",2,7,0,"PNC"
11,8,"2024-12-01",2,7,0,"PNC"
5,8,"2025-03-01",1,5,0,"POOL"
5,7,"2025-02-01",2,5,0,"POOL"
5,7,"2025-01-01",2,5,0,"POOL"
5,7,"2024-12-01",2,5,0,"POOL"
10,16,"2025-03-01",0,6,0,"PPG"
11,15,"2025-02-01",0,6,0,"PPG"
11,15,"2025-01-01",0,6,0,"PPG"
12,14,"2024-12-01",0,6,0,"PPG"
10,5,"2025-03-01",0,6,0,"PPL"
10,5,"2025-02-01",0,6,0,"PPL"
11,5,"2025-01-01",0,6,0,"PPL"
10,5,"2024-12-01",0,6,0,"PPL"
4,9,"2025-03-01",3,3,0,"PFG"
4,9,"2025-02-01",3,3,0,"PFG"
1,11,"2025-01-01",7,1,1,"PFG"
0,14,"2024-12-01",5,1,1,"PFG"
19,11,"2025-03-01",0,7,0,"PG"
19,11,"2025-02-01",0,7,0,"PG"
18,12,"2025-01-01",0,7,0,"PG"
18,12,"2024-12-01",0,7,0,"PG"
13,8,"2025-03-01",0,4,0,"PGR"
13,8,"2025-02-01",0,4,0,"PGR"
13,8,"2025-01-01",0,5,0,"PGR"
14,7,"2024-12-01",0,5,0,"PGR"
11,8,"2025-03-01",1,8,0,"PLD"
12,7,"2025-02-01",1,8,0,"PLD"
12,8,"2025-01-01",1,7,0,"PLD"
11,9,"2024-12-01",0,8,0,"PLD"
3,14,"2025-03-01",1,3,0,"PRU"
3,14,"2025-02-01",1,3,0,"PRU"
3,14,"2025-01-01",0,3,0,"PRU"
3,14,"2024-12-01",0,3,0,"PRU"
7,12,"2025-03-01",1,5,0,"PEG"
7,12,"2025-02-01",1,5,0,"PEG"
9,11,"2025-01-01",1,5,0,"PEG"
9,11,"2024-12-01",1,5,0,"PEG"
11,6,"2025-03-01",0,7,0,"PTC"
11,6,"2025-02-01",0,7,0,"PTC"
11,6,"2025-01-01",0,7,0,"PTC"
11,6,"2024-12-01",0,7,0,"PTC"
7,12,"2025-03-01",0,5,0,"PSA"
7,12,"2025-02-01",0,5,0,"PSA"
7,11,"2025-01-01",1,5,0,"PSA"
7,11,"2024-12-01",1,5,0,"PSA"
8,8,"2025-03-01",1,5,0,"PHM"
8,8,"2025-02-01",1,5,0,"PHM"
8,10,"2025-01-01",0,4,0,"PHM"
8,10,"2024-12-01",0,4,0,"PHM"
14,8,"2025-03-01",0,9,0,"PWR"
14,7,"2025-02-01",0,9,0,"PWR"
13,7,"2025-01-01",0,8,0,"PWR"
12,7,"2024-12-01",0,8,0,"PWR"
21,18,"2025-03-01",1,7,0,"QCOM"
20,18,"2025-02-01",1,7,0,"QCOM"
21,18,"2025-01-01",1,9,0,"QCOM"
21,17,"2024-12-01",1,9,0,"QCOM"
6,9,"2025-03-01",0,8,0,"DGX"
6,9,"2025-02-01",0,8,0,"DGX"
7,9,"2025-01-01",0,7,0,"DGX"
6,10,"2024-12-01",0,7,0,"DGX"
13,6,"2025-03-01",2,6,0,"RL"
12,6,"2025-02-01",2,7,0,"RL"
13,6,"2025-01-01",2,6,0,"RL"
13,6,"2024-12-01",2,6,0,"RL"
6,10,"2025-03-01",0,3,0,"RJF"
6,10,"2025-02-01",0,3,0,"RJF"
5,11,"2025-01-01",0,3,0,"RJF"
6,10,"2024-12-01",0,3,0,"RJF"
11,11,"2025-03-01",0,5,1,"RTX"
10,13,"2025-02-01",0,4,1,"RTX"
9,16,"2025-01-01",0,3,1,"RTX"
8,17,"2024-12-01",0,3,1,"RTX"
5,19,"2025-03-01",0,5,0,"O"
6,18,"2025-02-01",0,5,0,"O"
6,17,"2025-01-01",0,5,0,"O"
6,16,"2024-12-01",0,5,0,"O"
10,7,"2025-03-01",0,7,0,"REG"
10,7,"2025-02-01",0,7,0,"REG"
10,7,"2025-01-01",0,7,0,"REG"
10,7,"2024-12-01",0,7,0,"REG"
14,9,"2025-03-01",1,10,0,"REGN"
14,10,"2025-02-01",1,9,0,"REGN"
15,9,"2025-01-01",1,9,0,"REGN"
16,10,"2024-12-01",1,9,0,"REGN"
10,12,"2025-03-01",1,8,0,"RF"
11,12,"2025-02-01",1,8,0,"RF"
11,12,"2025-01-01",1,9,0,"RF"
12,12,"2024-12-01",1,8,0,"RF"
10,9,"2025-03-01",0,8,0,"RSG"
10,9,"2025-02-01",0,8,0,"RSG"
9,10,"2025-01-01",0,8,0,"RSG"
7,12,"2024-12-01",0,8,0,"RSG"
10,7,"2025-03-01",0,4,1,"RMD"
9,8,"2025-02-01",0,4,1,"RMD"
9,7,"2025-01-01",0,4,1,"RMD"
8,6,"2024-12-01",0,4,1,"RMD"
11,8,"2025-03-01",1,7,0,"RVTY"
11,8,"2025-02-01",1,7,0,"RVTY"
10,8,"2025-01-01",1,8,0,"RVTY"
10,9,"2024-12-01",1,7,0,"RVTY"
9,14,"2025-03-01",3,7,0,"ROK"
9,16,"2025-02-01",3,5,0,"ROK"
8,17,"2025-01-01",3,5,0,"ROK"
7,17,"2024-12-01",4,5,0,"ROK"
5,8,"2025-03-01",0,3,0,"ROL"
5,9,"2025-02-01",0,3,0,"ROL"
5,7,"2025-01-01",1,3,0,"ROL"
5,7,"2024-12-01",1,3,0,"ROL"
7,7,"2025-03-01",1,6,0,"ROP"
7,7,"2025-02-01",1,6,0,"ROP"
6,8,"2025-01-01",1,6,0,"ROP"
7,8,"2024-12-01",0,6,0,"ROP"
10,10,"2025-03-01",0,7,0,"ROST"
10,10,"2025-02-01",0,8,0,"ROST"
13,7,"2025-01-01",0,9,0,"ROST"
13,7,"2024-12-01",0,9,0,"ROST"
15,7,"2025-03-01",0,8,0,"RCL"
15,6,"2025-02-01",0,8,0,"RCL"
14,7,"2025-01-01",0,8,0,"RCL"
14,7,"2024-12-01",0,8,0,"RCL"
16,3,"2025-03-01",0,11,0,"SPGI"
16,3,"2025-02-01",0,11,0,"SPGI"
16,3,"2025-01-01",0,11,0,"SPGI"
16,3,"2024-12-01",0,10,0,"SPGI"
30,11,"2025-03-01",0,14,2,"CRM"
29,11,"2025-02-01",0,14,2,"CRM"
28,13,"2025-01-01",0,14,1,"CRM"
28,11,"2024-12-01",0,14,1,"CRM"
13,7,"2025-03-01",0,5,0,"SBAC"
13,7,"2025-02-01",0,5,0,"SBAC"
12,7,"2025-01-01",0,5,0,"SBAC"
13,6,"2024-12-01",0,5,0,"SBAC"
19,7,"2025-03-01",0,9,0,"SLB"
18,8,"2025-02-01",0,9,0,"SLB"
20,5,"2025-01-01",0,10,0,"SLB"
21,3,"2024-12-01",0,10,0,"SLB"
13,7,"2025-03-01",2,6,0,"STX"
14,8,"2025-02-01",2,6,0,"STX"
11,11,"2025-01-01",2,6,0,"STX"
11,11,"2024-12-01",2,6,0,"STX"
8,8,"2025-03-01",0,7,0,"SRE"
13,4,"2025-02-01",0,7,0,"SRE"
13,4,"2025-01-01",0,7,0,"SRE"
12,5,"2024-12-01",0,7,0,"SRE"
28,7,"2025-03-01",0,14,1,"NOW"
27,7,"2025-02-01",0,14,1,"NOW"
26,7,"2025-01-01",0,14,1,"NOW"
26,5,"2024-12-01",0,14,1,"NOW"
14,13,"2025-03-01",1,5,0,"SHW"
14,13,"2025-02-01",1,5,0,"SHW"
13,14,"2025-01-01",1,5,0,"SHW"
13,14,"2024-12-01",1,5,0,"SHW"
6,12,"2025-03-01",0,6,0,"SPG"
4,13,"2025-02-01",0,6,0,"SPG"
4,14,"2025-01-01",0,5,0,"SPG"
4,13,"2024-12-01",0,5,0,"SPG"
2,25,"2025-03-01",3,0,3,"SWKS"
8,20,"2025-02-01",2,4,1,"SWKS"
9,20,"2025-01-01",2,4,1,"SWKS"
9,20,"2024-12-01",2,4,1,"SWKS"
3,14,"2025-03-01",1,3,0,"SJM"
3,14,"2025-02-01",1,3,0,"SJM"
4,13,"2025-01-01",1,3,0,"SJM"
4,13,"2024-12-01",1,3,0,"SJM"
11,5,"2025-03-01",0,7,0,"SW"
11,5,"2025-02-01",0,7,0,"SW"
10,5,"2025-01-01",0,7,0,"SW"
10,5,"2024-12-01",0,6,0,"SW"
4,8,"2025-03-01",2,2,0,"SNA"
4,8,"2025-02-01",2,2,0,"SNA"
4,8,"2025-01-01",2,2,0,"SNA"
4,8,"2024-12-01",2,2,0,"SNA"
0,12,"2025-03-01",2,1,2,"SOLV"
0,12,"2025-02-01",2,1,2,"SOLV"
0,12,"2025-01-01",2,1,2,"SOLV"
0,11,"2024-12-01",2,1,2,"SOLV"
8,14,"2025-03-01",1,6,0,"SO"
9,14,"2025-02-01",1,6,0,"SO"
9,13,"2025-01-01",1,7,0,"SO"
9,13,"2024-12-01",1,7,0,"SO"
4,13,"2025-03-01",10,1,2,"LUV"
4,14,"2025-02-01",10,0,2,"LUV"
4,16,"2025-01-01",9,0,1,"LUV"
3,16,"2024-12-01",9,0,1,"LUV"
5,13,"2025-03-01",1,4,1,"SWK"
5,13,"2025-02-01",1,3,1,"SWK"
5,13,"2025-01-01",1,3,1,"SWK"
4,14,"2024-12-01",1,3,1,"SWK"
14,16,"2025-03-01",3,8,2,"SBUX"
15,16,"2025-02-01",3,8,2,"SBUX"
15,17,"2025-01-01",2,8,2,"SBUX"
16,16,"2024-12-01",2,8,2,"SBUX"
10,8,"2025-03-01",1,2,0,"STT"
10,8,"2025-02-01",1,2,0,"STT"
9,7,"2025-01-01",1,2,1,"STT"
7,8,"2024-12-01",2,2,1,"STT"
6,9,"2025-03-01",1,5,0,"STLD"
5,9,"2025-02-01",1,5,1,"STLD"
4,11,"2025-01-01",1,4,1,"STLD"
5,9,"2024-12-01",1,4,1,"STLD"
5,4,"2025-03-01",0,3,0,"STE"
5,4,"2025-02-01",0,3,0,"STE"
5,4,"2025-01-01",0,3,0,"STE"
5,4,"2024-12-01",0,3,0,"STE"
17,10,"2025-03-01",0,9,0,"SYK"
17,10,"2025-02-01",0,9,0,"SYK"
16,11,"2025-01-01",0,10,0,"SYK"
15,11,"2024-12-01",0,10,0,"SYK"
7,8,"2025-03-01",2,2,0,"SMCI"
6,8,"2025-02-01",2,2,0,"SMCI"
6,8,"2025-01-01",2,2,0,"SMCI"
2,10,"2024-12-01",3,0,2,"SMCI"
13,8,"2025-03-01",0,5,0,"SYF"
13,9,"2025-02-01",0,5,0,"SYF"
12,8,"2025-01-01",0,6,0,"SYF"
9,10,"2024-12-01",1,6,0,"SYF"
17,3,"2025-03-01",0,8,0,"SNPS"
17,3,"2025-02-01",0,8,0,"SNPS"
16,3,"2025-01-01",0,8,0,"SNPS"
16,3,"2024-12-01",0,8,0,"SNPS"
10,10,"2025-03-01",0,4,0,"SYY"
10,10,"2025-02-01",0,4,0,"SYY"
11,9,"2025-01-01",0,4,0,"SYY"
11,8,"2024-12-01",0,4,0,"SYY"
17,9,"2025-03-01",1,9,0,"TMUS"
17,9,"2025-02-01",1,9,0,"TMUS"
19,7,"2025-01-01",1,9,0,"TMUS"
20,5,"2024-12-01",1,10,0,"TMUS"
0,12,"2025-03-01",6,0,2,"TROW"
0,12,"2025-02-01",6,0,2,"TROW"
0,12,"2025-01-01",6,0,2,"TROW"
0,12,"2024-12-01",6,0,2,"TROW"
19,5,"2025-03-01",0,11,0,"TTWO"
18,5,"2025-02-01",0,11,0,"TTWO"
18,6,"2025-01-01",0,12,0,"TTWO"
18,6,"2024-12-01",0,12,0,"TTWO"
10,9,"2025-03-01",0,7,0,"TPR"
9,9,"2025-02-01",1,8,0,"TPR"
8,10,"2025-01-01",0,8,0,"TPR"
8,10,"2024-12-01",0,7,0,"TPR"
16,4,"2025-03-01",0,9,0,"TRGP"
16,4,"2025-02-01",0,9,0,"TRGP"
15,4,"2025-01-01",0,9,0,"TRGP"
16,3,"2024-12-01",0,9,0,"TRGP"
12,22,"2025-03-01",1,7,0,"TGT"
12,21,"2025-02-01",1,8,0,"TGT"
13,21,"2025-01-01",1,8,0,"TGT"
13,21,"2024-12-01",1,8,0,"TGT"
9,11,"2025-03-01",0,5,0,"TEL"
9,11,"2025-02-01",0,5,0,"TEL"
10,10,"2025-01-01",1,5,0,"TEL"
9,10,"2024-12-01",1,5,0,"TEL"
10,2,"2025-03-01",0,3,0,"TDY"
10,2,"2025-02-01",0,3,0,"TDY"
10,2,"2025-01-01",0,3,0,"TDY"
10,2,"2024-12-01",0,3,0,"TDY"
3,14,"2025-03-01",0,1,0,"TFX"
8,9,"2025-02-01",0,1,0,"TFX"
8,9,"2025-01-01",0,1,0,"TFX"
9,9,"2024-12-01",0,1,0,"TFX"
10,4,"2025-03-01",3,3,0,"TER"
11,4,"2025-02-01",3,3,0,"TER"
10,7,"2025-01-01",2,4,0,"TER"
9,8,"2024-12-01",2,4,0,"TER"
19,17,"2025-03-01",9,10,5,"TSLA"
19,17,"2025-02-01",9,9,4,"TSLA"
19,17,"2025-01-01",9,10,5,"TSLA"
18,19,"2024-12-01",9,10,4,"TSLA"
12,20,"2025-03-01",1,3,2,"TXN"
12,20,"2025-02-01",2,3,2,"TXN"
11,21,"2025-01-01",2,3,2,"TXN"
11,21,"2024-12-01",2,3,2,"TXN"
0,3,"2025-03-01",4,0,1,"TPL"
0,3,"2025-02-01",4,0,1,"TPL"
0,3,"2025-01-01",4,0,1,"TPL"
0,3,"2024-12-01",4,0,1,"TPL"
7,9,"2025-03-01",1,4,0,"TXT"
7,9,"2025-02-01",1,4,0,"TXT"
8,8,"2025-01-01",1,5,0,"TXT"
7,9,"2024-12-01",1,5,0,"TXT"
20,7,"2025-03-01",0,10,0,"TMO"
20,7,"2025-02-01",0,10,0,"TMO"
20,8,"2025-01-01",0,9,0,"TMO"
20,7,"2024-12-01",0,9,0,"TMO"
13,5,"2025-03-01",1,9,0,"TJX"
13,5,"2025-02-01",1,10,0,"TJX"
13,5,"2025-01-01",1,10,0,"TJX"
13,5,"2024-12-01",1,10,0,"TJX"
15,16,"2025-03-01",3,7,0,"TSCO"
15,16,"2025-02-01",3,7,0,"TSCO"
14,16,"2025-01-01",3,7,0,"TSCO"
14,16,"2024-12-01",3,7,0,"TSCO"
8,18,"2025-03-01",1,6,0,"TT"
8,18,"2025-02-01",1,6,0,"TT"
10,17,"2025-01-01",1,6,0,"TT"
10,17,"2024-12-01",1,6,0,"TT"
14,6,"2025-03-01",0,7,0,"TDG"
12,8,"2025-02-01",0,7,0,"TDG"
15,7,"2025-01-01",0,7,0,"TDG"
15,7,"2024-12-01",0,7,0,"TDG"
10,14,"2025-03-01",3,3,0,"TRV"
9,15,"2025-02-01",3,3,0,"TRV"
7,16,"2025-01-01",4,3,0,"TRV"
6,18,"2024-12-01",3,3,0,"TRV"
9,2,"2025-03-01",0,8,0,"TRMB"
10,2,"2025-02-01",0,7,0,"TRMB"
10,2,"2025-01-01",0,7,0,"TRMB"
9,4,"2024-12-01",0,6,0,"TRMB"
9,13,"2025-03-01",0,4,0,"TFC"
9,13,"2025-02-01",0,4,0,"TFC"
9,14,"2025-01-01",0,5,0,"TFC"
9,14,"2024-12-01",0,5,0,"TFC"
11,6,"2025-03-01",0,6,0,"TYL"
11,6,"2025-02-01",0,6,0,"TYL"
12,5,"2025-01-01",0,6,0,"TYL"
12,4,"2024-12-01",0,6,0,"TYL"
6,10,"2025-03-01",0,2,0,"TSN"
6,8,"2025-02-01",2,2,0,"TSN"
6,7,"2025-01-01",2,2,0,"TSN"
5,8,"2024-12-01",2,2,0,"TSN"
10,13,"2025-03-01",0,6,0,"USB"
11,12,"2025-02-01",0,5,0,"USB"
10,13,"2025-01-01",0,6,0,"USB"
9,14,"2024-12-01",0,6,0,"USB"
39,8,"2025-03-01",0,15,0,"UBER"
39,8,"2025-02-01",0,15,0,"UBER"
40,7,"2025-01-01",0,15,0,"UBER"
41,6,"2024-12-01",0,15,0,"UBER"
11,13,"2025-03-01",1,3,0,"UDR"
11,13,"2025-02-01",1,3,0,"UDR"
10,12,"2025-01-01",1,4,0,"UDR"
9,13,"2024-12-01",1,4,0,"UDR"
13,18,"2025-03-01",1,5,0,"ULTA"
13,18,"2025-02-01",1,5,0,"ULTA"
12,19,"2025-01-01",2,4,0,"ULTA"
13,17,"2024-12-01",2,5,0,"ULTA"
11,13,"2025-03-01",1,9,0,"UNP"
11,14,"2025-02-01",0,9,0,"UNP"
10,15,"2025-01-01",0,9,0,"UNP"
10,15,"2024-12-01",0,9,0,"UNP"
19,1,"2025-03-01",0,7,0,"UAL"
19,1,"2025-02-01",0,7,0,"UAL"
17,2,"2025-01-01",0,8,0,"UAL"
17,2,"2024-12-01",0,8,0,"UAL"
11,11,"2025-03-01",3,10,0,"UPS"
11,11,"2025-02-01",3,10,0,"UPS"
10,14,"2025-01-01",3,9,0,"UPS"
9,15,"2024-12-01",3,9,0,"UPS"
9,10,"2025-03-01",2,5,1,"URI"
10,10,"2025-02-01",2,4,1,"URI"
10,9,"2025-01-01",2,4,2,"URI"
9,10,"2024-12-01",2,4,2,"URI"
19,2,"2025-03-01",1,12,0,"UNH"
19,3,"2025-02-01",0,12,0,"UNH"
17,5,"2025-01-01",0,12,0,"UNH"
17,5,"2024-12-01",0,12,0,"UNH"
9,12,"2025-03-01",0,3,0,"UHS"
8,13,"2025-02-01",0,3,0,"UHS"
8,13,"2025-01-01",0,3,0,"UHS"
9,12,"2024-12-01",0,3,0,"UHS"
12,5,"2025-03-01",1,6,0,"VLO"
12,6,"2025-02-01",1,5,0,"VLO"
11,7,"2025-01-01",1,5,0,"VLO"
11,7,"2024-12-01",1,5,0,"VLO"
11,5,"2025-03-01",0,7,0,"VTR"
12,5,"2025-02-01",0,7,0,"VTR"
12,6,"2025-01-01",0,6,0,"VTR"
12,6,"2024-12-01",0,6,0,"VTR"
8,10,"2025-03-01",0,5,0,"VLTO"
8,10,"2025-02-01",0,5,0,"VLTO"
8,10,"2025-01-01",0,5,0,"VLTO"
8,10,"2024-12-01",0,4,0,"VLTO"
3,2,"2025-03-01",1,4,0,"VRSN"
3,3,"2025-02-01",0,4,0,"VRSN"
3,3,"2025-01-01",0,4,0,"VRSN"
3,4,"2024-12-01",0,3,0,"VRSN"
8,11,"2025-03-01",0,5,0,"VRSK"
9,10,"2025-02-01",0,5,0,"VRSK"
9,10,"2025-01-01",0,5,0,"VRSK"
9,10,"2024-12-01",0,5,0,"VRSK"
11,16,"2025-03-01",1,7,0,"VZ"
11,16,"2025-02-01",1,7,0,"VZ"
11,15,"2025-01-01",1,7,1,"VZ"
11,14,"2024-12-01",1,7,1,"VZ"
15,13,"2025-03-01",0,10,1,"VRTX"
15,12,"2025-02-01",1,11,1,"VRTX"
15,12,"2025-01-01",1,11,1,"VRTX"
15,13,"2024-12-01",1,11,1,"VRTX"
1,8,"2025-03-01",3,1,2,"VTRS"
1,8,"2025-02-01",3,1,2,"VTRS"
1,8,"2025-01-01",3,1,2,"VTRS"
1,8,"2024-12-01",3,1,2,"VTRS"
19,3,"2025-03-01",0,9,0,"VICI"
19,4,"2025-02-01",0,8,0,"VICI"
18,4,"2025-01-01",0,8,0,"VICI"
18,4,"2024-12-01",0,8,0,"VICI"
27,8,"2025-03-01",0,12,0,"V"
28,7,"2025-02-01",0,12,0,"V"
27,8,"2025-01-01",0,13,0,"V"
26,9,"2024-12-01",0,13,0,"V"
12,2,"2025-03-01",0,5,0,"VST"
12,2,"2025-02-01",0,5,0,"VST"
12,1,"2025-01-01",0,5,0,"VST"
12,1,"2024-12-01",0,5,0,"VST"
13,8,"2025-03-01",0,7,0,"VMC"
13,8,"2025-02-01",0,7,0,"VMC"
13,8,"2025-01-01",0,7,0,"VMC"
13,8,"2024-12-01",0,7,0,"VMC"
8,9,"2025-03-01",1,4,0,"WRB"
8,9,"2025-02-01",1,4,0,"WRB"
9,8,"2025-01-01",1,4,0,"WRB"
9,7,"2024-12-01",1,4,0,"WRB"
2,17,"2025-03-01",1,3,0,"GWW"
2,17,"2025-02-01",1,3,0,"GWW"
2,17,"2025-01-01",1,3,0,"GWW"
2,17,"2024-12-01",1,3,0,"GWW"
7,5,"2025-03-01",0,4,0,"WAB"
7,5,"2025-02-01",0,4,0,"WAB"
7,5,"2025-01-01",0,4,0,"WAB"
7,5,"2024-12-01",0,4,0,"WAB"
2,14,"2025-03-01",8,1,1,"WBA"
2,15,"2025-02-01",7,1,1,"WBA"
2,16,"2025-01-01",7,0,1,"WBA"
2,16,"2024-12-01",7,0,1,"WBA"
30,4,"2025-03-01",0,13,0,"WMT"
31,4,"2025-02-01",0,12,0,"WMT"
32,4,"2025-01-01",0,12,0,"WMT"
32,4,"2024-12-01",0,12,0,"WMT"
19,9,"2025-03-01",1,8,0,"DIS"
19,10,"2025-02-01",1,8,0,"DIS"
20,11,"2025-01-01",1,7,0,"DIS"
19,11,"2024-12-01",1,7,0,"DIS"
10,17,"2025-03-01",1,5,1,"WBD"
11,17,"2025-02-01",1,5,0,"WBD"
11,17,"2025-01-01",1,5,0,"WBD"
11,17,"2024-12-01",1,5,0,"WBD"
11,11,"2025-03-01",0,9,0,"WM"
11,11,"2025-02-01",0,9,0,"WM"
10,13,"2025-01-01",0,9,0,"WM"
10,13,"2024-12-01",0,9,0,"WM"
4,19,"2025-03-01",0,4,0,"WAT"
3,18,"2025-02-01",1,4,0,"WAT"
3,18,"2025-01-01",1,3,0,"WAT"
3,18,"2024-12-01",1,3,0,"WAT"
7,12,"2025-03-01",1,2,0,"WEC"
7,12,"2025-02-01",1,2,0,"WEC"
7,12,"2025-01-01",2,2,0,"WEC"
6,12,"2024-12-01",3,2,0,"WEC"
13,9,"2025-03-01",0,5,0,"WFC"
14,10,"2025-02-01",0,5,0,"WFC"
13,12,"2025-01-01",0,5,0,"WFC"
13,12,"2024-12-01",0,5,0,"WFC"
13,4,"2025-03-01",0,8,0,"WELL"
12,6,"2025-02-01",0,7,0,"WELL"
12,7,"2025-01-01",0,6,0,"WELL"
12,7,"2024-12-01",0,6,0,"WELL"
6,5,"2025-03-01",0,6,0,"WST"
5,6,"2025-02-01",0,6,0,"WST"
5,6,"2025-01-01",0,5,0,"WST"
5,5,"2024-12-01",0,5,0,"WST"
15,9,"2025-03-01",0,6,0,"WDC"
16,9,"2025-02-01",0,6,0,"WDC"
16,9,"2025-01-01",0,6,0,"WDC"
17,8,"2024-12-01",0,6,0,"WDC"
11,4,"2025-03-01",0,5,0,"WY"
11,4,"2025-02-01",0,5,0,"WY"
9,6,"2025-01-01",0,5,0,"WY"
8,7,"2024-12-01",0,5,0,"WY"
11,10,"2025-03-01",0,5,1,"WMB"
10,10,"2025-02-01",0,5,1,"WMB"
10,9,"2025-01-01",0,5,1,"WMB"
10,9,"2024-12-01",0,5,1,"WMB"
12,8,"2025-03-01",1,4,0,"WTW"
12,8,"2025-02-01",1,4,0,"WTW"
11,9,"2025-01-01",1,4,0,"WTW"
12,10,"2024-12-01",1,2,0,"WTW"
24,13,"2025-03-01",0,9,0,"WDAY"
25,11,"2025-02-01",0,9,0,"WDAY"
24,11,"2025-01-01",0,9,1,"WDAY"
24,11,"2024-12-01",0,9,1,"WDAY"
14,3,"2025-03-01",0,8,0,"WYNN"
14,4,"2025-02-01",0,7,0,"WYNN"
14,4,"2025-01-01",0,7,0,"WYNN"
14,4,"2024-12-01",0,7,0,"WYNN"
9,6,"2025-03-01",0,6,0,"XEL"
9,6,"2025-02-01",0,6,0,"XEL"
8,8,"2025-01-01",0,6,0,"XEL"
8,8,"2024-12-01",0,6,0,"XEL"
9,8,"2025-03-01",0,7,0,"XYL"
9,8,"2025-02-01",0,7,0,"XYL"
9,9,"2025-01-01",0,7,0,"XYL"
9,9,"2024-12-01",0,7,0,"XYL"
6,23,"2025-03-01",0,5,0,"YUM"
5,24,"2025-02-01",0,5,0,"YUM"
6,22,"2025-01-01",0,6,0,"YUM"
6,22,"2024-12-01",0,6,0,"YUM"
8,11,"2025-03-01",0,6,0,"ZBRA"
8,10,"2025-02-01",1,6,0,"ZBRA"
8,9,"2025-01-01",1,6,0,"ZBRA"
8,9,"2024-12-01",1,6,0,"ZBRA"
8,19,"2025-03-01",2,6,0,"ZBH"
8,19,"2025-02-01",2,6,0,"ZBH"
8,19,"2025-01-01",2,6,0,"ZBH"
7,20,"2024-12-01",2,6,0,"ZBH"
11,6,"2025-03-01",0,8,0,"ZTS"
11,6,"2025-02-01",0,8,0,"ZTS"
11,6,"2025-01-01",0,8,0,"ZTS"
11,5,"2024-12-01",0,7,0,"ZTS"
10,6,"2025-04-01",2,5,0,"MMM"
4,10,"2025-04-01",1,4,0,"AOS"
13,9,"2025-04-01",0,9,0,"ABT"
14,9,"2025-04-01",0,10,0,"ABBV"
14,7,"2025-04-01",0,9,0,"ACN"
19,14,"2025-04-01",0,14,0,"ADBE"
27,18,"2025-04-01",1,8,0,"AMD"
9,5,"2025-04-01",1,4,0,"AES"
4,12,"2025-04-01",2,2,0,"AFL"
7,13,"2025-04-01",0,6,0,"A"
13,11,"2025-04-01",0,5,0,"APD"
11,27,"2025-04-01",5,9,0,"ABNB"
11,11,"2025-04-01",1,7,0,"AKAM"
6,18,"2025-04-01",3,6,0,"ALB"
5,10,"2025-04-01",0,3,0,"ARE"
9,6,"2025-04-01",1,7,1,"ALGN"
7,7,"2025-04-01",2,2,0,"ALLE"
3,11,"2025-04-01",0,4,0,"LNT"
13,4,"2025-04-01",1,7,0,"ALL"
33,13,"2025-04-01",0,18,0,"GOOGL"
6,7,"2025-04-01",3,6,0,"MO"
50,4,"2025-04-01",0,23,0,"AMZN"
5,5,"2025-04-01",0,4,0,"AMCR"
7,9,"2025-04-01",1,4,0,"AEE"
6,14,"2025-04-01",1,4,0,"AEP"
10,18,"2025-04-01",1,4,1,"AXP"
11,9,"2025-04-01",0,4,0,"AIG"
18,4,"2025-04-01",0,6,0,"AMT"
4,10,"2025-04-01",1,3,1,"AWK"
4,8,"2025-04-01",1,5,0,"AMP"
12,5,"2025-04-01",1,3,0,"AME"
13,14,"2025-04-01",2,8,1,"AMGN"
11,9,"2025-04-01",0,3,0,"APH"
14,12,"2025-04-01",0,10,0,"ADI"
4,10,"2025-04-01",1,3,0,"ANSS"
9,13,"2025-04-01",2,2,0,"AON"
9,17,"2025-04-01",5,2,0,"APA"
13,6,"2025-04-01",0,5,0,"APO"
23,12,"2025-04-01",3,12,1,"AAPL"
22,8,"2025-04-01",1,10,0,"AMAT"
14,6,"2025-04-01",1,9,0,"APTV"
12,5,"2025-04-01",0,6,0,"ACGL"
0,11,"2025-04-01",7,0,1,"ADM"
17,4,"2025-04-01",1,8,0,"ANET"
10,9,"2025-04-01",0,4,0,"AJG"
6,4,"2025-04-01",0,2,0,"AIZ"
17,8,"2025-04-01",1,10,0,"T"
7,8,"2025-04-01",0,4,0,"ATO"
17,11,"2025-04-01",0,10,0,"ADSK"
5,14,"2025-04-01",1,2,0,"ADP"
18,7,"2025-04-01",1,8,0,"AZO"
9,15,"2025-04-01",0,4,0,"AVB"
7,5,"2025-04-01",1,5,0,"AVY"
13,4,"2025-04-01",0,6,0,"AXON"
19,5,"2025-04-01",0,6,0,"BKR"
8,8,"2025-04-01",1,6,0,"BALL"
16,5,"2025-04-01",0,7,0,"BAC"
5,12,"2025-04-01",2,3,0,"BAX"
9,5,"2025-04-01",0,7,0,"BDX"
5,3,"2025-04-01",0,3,0,"BRK.A"
9,19,"2025-04-01",1,4,0,"BBY"
11,6,"2025-04-01",0,5,0,"TECH"
15,20,"2025-04-01",0,8,0,"BIIB"
13,4,"2025-04-01",0,5,0,"BLK"
11,14,"2025-04-01",0,5,0,"BX"
14,6,"2025-04-01",0,5,0,"BK"
17,8,"2025-04-01",2,9,0,"BA"
25,13,"2025-04-01",0,8,0,"BKNG"
11,8,"2025-04-01",0,3,0,"BWA"
20,5,"2025-04-01",0,12,0,"BSX"
5,19,"2025-04-01",2,5,0,"BMY"
28,5,"2025-04-01",0,13,0,"AVGO"
7,7,"2025-04-01",0,3,0,"BR"
8,10,"2025-04-01",1,2,0,"BRO"
2,13,"2025-04-01",6,1,2,"BF.B"
12,5,"2025-04-01",0,8,0,"BLDR"
8,7,"2025-04-01",0,5,0,"BG"
7,13,"2025-04-01",1,4,1,"BXP"
13,13,"2025-04-01",2,5,0,"CHRW"
15,4,"2025-04-01",0,7,1,"CDNS"
12,5,"2025-04-01",0,4,0,"CZR"
5,15,"2025-04-01",1,8,0,"CPT"
4,14,"2025-04-01",3,4,1,"CPB"
10,8,"2025-04-01",0,8,0,"COF"
10,6,"2025-04-01",0,6,0,"CAH"
9,5,"2025-04-01",2,6,0,"KMX"
15,5,"2025-04-01",2,10,0,"CCL"
11,10,"2025-04-01",1,9,0,"CARR"
7,15,"2025-04-01",2,6,1,"CAT"
5,12,"2025-04-01",3,5,0,"CBOE"
8,4,"2025-04-01",0,6,0,"CBRE"
7,7,"2025-04-01",0,3,0,"CDW"
7,12,"2025-04-01",3,5,1,"CE"
10,7,"2025-04-01",0,5,0,"COR"
11,8,"2025-04-01",1,3,1,"CNC"
6,12,"2025-04-01",1,3,0,"CNP"
9,14,"2025-04-01",2,5,0,"CF"
4,18,"2025-04-01",0,1,1,"CRL"
14,5,"2025-04-01",2,7,0,"SCHW"
8,13,"2025-04-01",4,6,1,"CHTR"
15,8,"2025-04-01",0,6,0,"CVX"
15,9,"2025-04-01",0,16,0,"CMG"
14,10,"2025-04-01",1,6,1,"CB"
8,13,"2025-04-01",4,4,1,"CHD"
15,9,"2025-04-01",0,10,0,"CI"
7,6,"2025-04-01",0,3,0,"CINF"
8,11,"2025-04-01",2,4,1,"CTAS"
11,13,"2025-04-01",0,6,0,"CSCO"
14,6,"2025-04-01",0,7,0,"C"
8,11,"2025-04-01",0,6,0,"CFG"
2,17,"2025-04-01",8,1,1,"CLX"
6,9,"2025-04-01",3,4,0,"CME"
8,10,"2025-04-01",0,5,0,"CMS"
21,7,"2025-04-01",0,8,0,"KO"
7,21,"2025-04-01",2,3,0,"CTSH"
14,10,"2025-04-01",1,6,1,"CL"
15,16,"2025-04-01",0,7,0,"CMCSA"
4,18,"2025-04-01",0,1,0,"CAG"
21,4,"2025-04-01",0,8,0,"COP"
0,14,"2025-04-01",7,3,3,"ED"
16,12,"2025-04-01",0,2,0,"STZ"
8,6,"2025-04-01",0,7,0,"CEG"
9,8,"2025-04-01",0,7,0,"COO"
7,6,"2025-04-01",0,4,0,"CPRT"
9,5,"2025-04-01",0,5,0,"GLW"
11,6,"2025-04-01",0,8,0,"CPAY"
15,8,"2025-04-01",0,8,0,"CTVA"
12,4,"2025-04-01",1,6,0,"CSGP"
17,16,"2025-04-01",0,13,0,"COST"
20,4,"2025-04-01",0,8,0,"CTRA"
29,11,"2025-04-01",1,15,0,"CRWD"
8,13,"2025-04-01",1,3,0,"CCI"
14,11,"2025-04-01",0,8,0,"CSX"
7,16,"2025-04-01",0,5,0,"CMI"
15,12,"2025-04-01",0,6,0,"CVS"
15,6,"2025-04-01",0,11,0,"DHR"
11,13,"2025-04-01",0,11,1,"DRI"
1,10,"2025-04-01",5,0,1,"DVA"
10,8,"2025-04-01",1,5,0,"DAY"
17,8,"2025-04-01",0,4,0,"DECK"
11,14,"2025-04-01",1,6,0,"DE"
20,4,"2025-04-01",0,6,0,"DELL"
18,1,"2025-04-01",0,8,0,"DAL"
15,12,"2025-04-01",0,8,0,"DVN"
12,5,"2025-04-01",0,15,0,"DXCM"
23,6,"2025-04-01",0,8,0,"FANG"
16,6,"2025-04-01",1,6,0,"DLR"
7,11,"2025-04-01",0,3,0,"DFS"
8,22,"2025-04-01",0,9,1,"DG"
10,20,"2025-04-01",1,3,0,"DLTR"
5,17,"2025-04-01",0,3,0,"D"
14,12,"2025-04-01",1,11,0,"DPZ"
9,8,"2025-04-01",0,6,0,"DOV"
5,17,"2025-04-01",1,3,0,"DOW"
9,12,"2025-04-01",2,3,0,"DHI"
9,9,"2025-04-01",0,6,0,"DTE"
7,12,"2025-04-01",0,5,0,"DUK"
15,4,"2025-04-01",1,7,0,"DD"
8,12,"2025-04-01",0,5,0,"EMN"
15,11,"2025-04-01",0,6,0,"ETN"
10,21,"2025-04-01",2,6,1,"EBAY"
9,15,"2025-04-01",0,7,0,"ECL"
9,6,"2025-04-01",1,6,0,"EIX"
14,18,"2025-04-01",0,8,1,"EW"
10,19,"2025-04-01",0,9,0,"EA"
13,6,"2025-04-01",1,7,0,"ELV"
19,5,"2025-04-01",2,7,0,"EMR"
17,23,"2025-04-01",2,3,1,"ENPH"
10,9,"2025-04-01",0,5,0,"ETR"
15,16,"2025-04-01",0,6,0,"EOG"
13,8,"2025-04-01",1,6,0,"EPAM"
11,11,"2025-04-01",0,8,0,"EQT"
11,6,"2025-04-01",0,8,0,"EFX"
19,3,"2025-04-01",0,11,0,"EQIX"
11,16,"2025-04-01",0,3,0,"EQR"
3,2,"2025-04-01",0,3,0,"ERIE"
9,18,"2025-04-01",1,2,1,"ESS"
8,25,"2025-04-01",3,3,0,"EL"
7,9,"2025-04-01",0,6,0,"EG"
6,7,"2025-04-01",0,7,0,"EVRG"
10,9,"2025-04-01",1,7,1,"ES"
6,11,"2025-04-01",1,5,0,"EXC"
12,24,"2025-04-01",0,8,0,"EXPE"
0,13,"2025-04-01",7,0,3,"EXPD"
7,12,"2025-04-01",1,2,1,"EXR"
12,12,"2025-04-01",1,7,0,"XOM"
1,13,"2025-04-01",2,0,2,"FFIV"
3,13,"2025-04-01",10,0,2,"FDS"
11,6,"2025-04-01",2,5,0,"FICO"
0,12,"2025-04-01",3,3,3,"FAST"
11,6,"2025-04-01",0,4,0,"FRT"
16,9,"2025-04-01",3,9,0,"FDX"
12,16,"2025-04-01",1,7,0,"FIS"
10,11,"2025-04-01",0,8,0,"FITB"
26,6,"2025-04-01",0,12,0,"FSLR"
10,10,"2025-04-01",1,5,0,"FE"
21,7,"2025-04-01",0,17,0,"FI"
7,14,"2025-04-01",2,2,0,"FMC"
3,19,"2025-04-01",4,2,5,"F"
16,26,"2025-04-01",2,5,0,"FTNT"
14,9,"2025-04-01",0,2,0,"FTV"
8,14,"2025-04-01",1,5,0,"FOXA"
0,10,"2025-04-01",8,0,1,"BEN"
14,9,"2025-04-01",0,4,0,"FCX"
2,6,"2025-04-01",4,1,2,"GRMN"
7,6,"2025-04-01",2,5,0,"IT"
16,4,"2025-04-01",0,9,0,"GE"
10,7,"2025-04-01",1,8,0,"GEHC"
19,7,"2025-04-01",0,9,0,"GEV"
5,5,"2025-04-01",1,3,0,"GEN"
10,13,"2025-04-01",1,8,1,"GNRC"
13,12,"2025-04-01",1,7,0,"GD"
4,18,"2025-04-01",1,3,0,"GIS"
17,12,"2025-04-01",2,7,0,"GM"
5,11,"2025-04-01",0,2,0,"GPC"
13,12,"2025-04-01",0,11,0,"GILD"
13,15,"2025-04-01",2,10,0,"GPN"
10,6,"2025-04-01",0,4,0,"GL"
10,9,"2025-04-01",1,6,0,"GDDY"
12,11,"2025-04-01",0,7,0,"GS"
16,9,"2025-04-01",0,7,0,"HAL"
10,12,"2025-04-01",0,3,0,"HIG"
7,4,"2025-04-01",0,7,0,"HAS"
12,8,"2025-04-01",1,9,0,"HCA"
11,6,"2025-04-01",0,7,0,"DOC"
5,10,"2025-04-01",1,6,0,"HSIC"
2,21,"2025-04-01",8,1,2,"HSY"
6,10,"2025-04-01",0,4,0,"HES"
7,8,"2025-04-01",0,4,0,"HPE"
9,19,"2025-04-01",0,4,0,"HLT"
7,16,"2025-04-01",1,4,0,"HOLX"
23,13,"2025-04-01",0,13,1,"HD"
13,14,"2025-04-01",0,4,0,"HON"
1,9,"2025-04-01",7,1,1,"HRL"
9,6,"2025-04-01",1,8,0,"HST"
16,5,"2025-04-01",0,8,1,"HWM"
4,13,"2025-04-01",1,2,0,"HPQ"
7,10,"2025-04-01",0,4,0,"HUBB"
5,21,"2025-04-01",1,4,0,"HUM"
12,7,"2025-04-01",1,7,0,"HBAN"
3,9,"2025-04-01",2,3,0,"HII"
8,9,"2025-04-01",3,6,0,"IBM"
6,7,"2025-04-01",1,5,0,"IEX"
8,7,"2025-04-01",0,5,0,"IDXX"
2,15,"2025-04-01",7,1,2,"ITW"
6,17,"2025-04-01",1,9,0,"INCY"
10,9,"2025-04-01",0,6,0,"IR"
14,5,"2025-04-01",0,12,0,"PODD"
2,40,"2025-04-01",4,1,3,"INTC"
13,4,"2025-04-01",0,5,0,"ICE"
10,6,"2025-04-01",1,8,1,"IFF"
8,5,"2025-04-01",1,6,1,"IP"
6,7,"2025-04-01",0,1,0,"IPG"
19,8,"2025-04-01",1,10,0,"INTU"
14,13,"2025-04-01",0,12,0,"ISRG"
4,12,"2025-04-01",1,2,0,"IVZ"
12,15,"2025-04-01",0,3,0,"INVH"
16,7,"2025-04-01",0,7,0,"IQV"
8,2,"2025-04-01",1,2,0,"IRM"
12,10,"2025-04-01",1,9,0,"JBHT"
8,3,"2025-04-01",0,3,0,"JBL"
4,14,"2025-04-01",2,5,0,"JKHY"
10,8,"2025-04-01",0,6,0,"J"
9,14,"2025-04-01",0,5,0,"JNJ"
10,11,"2025-04-01",0,6,0,"JCI"
13,11,"2025-04-01",0,4,0,"JPM"
4,10,"2025-04-01",0,2,0,"JNPR"
0,18,"2025-04-01",2,0,2,"K"
6,13,"2025-04-01",0,4,0,"KVUE"
10,10,"2025-04-01",0,4,0,"KDP"
9,13,"2025-04-01",0,5,0,"KEY"
12,2,"2025-04-01",1,4,0,"KEYS"
7,13,"2025-04-01",1,2,1,"KMB"
4,17,"2025-04-01",0,6,0,"KIM"
10,10,"2025-04-01",0,5,0,"KMI"
15,3,"2025-04-01",0,7,0,"KKR"
13,11,"2025-04-01",0,8,0,"KLAC"
5,17,"2025-04-01",3,3,0,"KHC"
11,13,"2025-04-01",0,9,0,"KR"
12,7,"2025-04-01",1,8,0,"LHX"
13,5,"2025-04-01",0,10,0,"LH"
19,9,"2025-04-01",0,9,0,"LRCX"
7,10,"2025-04-01",0,4,0,"LW"
13,6,"2025-04-01",0,5,0,"LVS"
8,9,"2025-04-01",0,7,0,"LDOS"
7,16,"2025-04-01",0,2,0,"LEN"
3,12,"2025-04-01",8,2,3,"LII"
16,6,"2025-04-01",0,10,0,"LLY"
17,9,"2025-04-01",1,6,0,"LIN"
15,3,"2025-04-01",1,7,0,"LYV"
6,3,"2025-04-01",0,4,0,"LKQ"
8,15,"2025-04-01",1,4,0,"LMT"
16,15,"2025-04-01",2,9,0,"LOW"
15,11,"2025-04-01",2,11,1,"LULU"
8,16,"2025-04-01",1,2,1,"LYB"
7,9,"2025-04-01",1,7,0,"MTB"
10,9,"2025-04-01",0,4,0,"MPC"
5,10,"2025-04-01",1,4,0,"MKTX"
9,18,"2025-04-01",1,4,0,"MAR"
8,15,"2025-04-01",2,1,0,"MMC"
12,9,"2025-04-01",0,7,0,"MLM"
8,14,"2025-04-01",1,4,0,"MAS"
27,8,"2025-04-01",0,13,0,"MA"
10,16,"2025-04-01",0,4,0,"MTCH"
5,11,"2025-04-01",1,4,0,"MKC"
21,14,"2025-04-01",0,9,0,"MCD"
11,4,"2025-04-01",0,7,0,"MCK"
13,16,"2025-04-01",1,6,1,"MDT"
11,10,"2025-04-01",0,8,0,"MRK"
44,7,"2025-04-01",2,24,0,"META"
11,6,"2025-04-01",0,4,0,"MET"
1,13,"2025-04-01",5,1,2,"MTD"
16,5,"2025-04-01",0,6,0,"MGM"
13,8,"2025-04-01",1,8,0,"MCHP"
26,6,"2025-04-01",1,14,0,"MU"
38,5,"2025-04-01",0,21,0,"MSFT"
9,12,"2025-04-01",1,8,1,"MAA"
8,19,"2025-04-01",3,2,1,"MRNA"
8,9,"2025-04-01",0,5,0,"MHK"
8,9,"2025-04-01",2,2,0,"MOH"
7,16,"2025-04-01",1,2,0,"TAP"
18,10,"2025-04-01",0,6,1,"MDLZ"
12,6,"2025-04-01",0,6,0,"MPWR"
11,12,"2025-04-01",2,7,0,"MNST"
8,12,"2025-04-01",1,7,0,"MCO"
8,17,"2025-04-01",0,6,0,"MS"
8,10,"2025-04-01",2,5,0,"MOS"
9,3,"2025-04-01",0,5,0,"MSI"
14,5,"2025-04-01",1,4,0,"MSCI"
13,6,"2025-04-01",0,6,0,"NDAQ"
8,17,"2025-04-01",0,3,0,"NTAP"
26,13,"2025-04-01",0,15,0,"NFLX"
9,8,"2025-04-01",0,7,0,"NEM"
10,2,"2025-04-01",0,4,0,"NWSA"
12,8,"2025-04-01",1,6,0,"NEE"
15,19,"2025-04-01",2,7,0,"NKE"
13,3,"2025-04-01",0,9,0,"NI"
8,6,"2025-04-01",0,2,0,"NDSN"
13,13,"2025-04-01",1,6,0,"NSC"
5,12,"2025-04-01",1,3,1,"NTRS"
12,11,"2025-04-01",1,5,0,"NOC"
12,10,"2025-04-01",0,9,0,"NCLH"
6,5,"2025-04-01",0,4,0,"NRG"
9,6,"2025-04-01",1,4,0,"NUE"
38,6,"2025-04-01",0,26,0,"NVDA"
2,7,"2025-04-01",0,2,0,"NVR"
21,8,"2025-04-01",0,8,0,"NXPI"
20,9,"2025-04-01",0,7,0,"ORLY"
8,18,"2025-04-01",2,3,0,"OXY"
6,17,"2025-04-01",2,6,1,"ODFL"
9,4,"2025-04-01",1,1,0,"OMC"
19,14,"2025-04-01",2,6,0,"ON"
9,8,"2025-04-01",0,7,0,"OKE"
20,15,"2025-04-01",0,11,0,"ORCL"
5,11,"2025-04-01",1,3,1,"OTIS"
7,14,"2025-04-01",1,4,1,"PCAR"
5,4,"2025-04-01",1,4,0,"PKG"
6,15,"2025-04-01",3,4,1,"PLTR"
30,12,"2025-04-01",2,15,1,"PANW"
2,13,"2025-04-01",7,3,5,"PARA"
17,5,"2025-04-01",0,9,0,"PH"
0,16,"2025-04-01",3,1,3,"PAYX"
7,16,"2025-04-01",0,3,0,"PAYC"
18,23,"2025-04-01",0,10,0,"PYPL"
10,8,"2025-04-01",0,7,0,"PNR"
7,17,"2025-04-01",1,3,0,"PEP"
7,14,"2025-04-01",0,5,1,"PFE"
8,8,"2025-04-01",1,6,0,"PCG"
12,2,"2025-04-01",1,8,0,"PM"
9,8,"2025-04-01",1,6,0,"PSX"
4,10,"2025-04-01",0,7,0,"PNW"
11,7,"2025-04-01",2,7,0,"PNC"
5,8,"2025-04-01",1,5,0,"POOL"
9,18,"2025-04-01",0,5,0,"PPG"
10,5,"2025-04-01",0,6,0,"PPL"
4,9,"2025-04-01",3,3,0,"PFG"
19,11,"2025-04-01",0,7,0,"PG"
13,8,"2025-04-01",0,4,0,"PGR"
11,8,"2025-04-01",1,8,0,"PLD"
3,14,"2025-04-01",1,3,0,"PRU"
7,13,"2025-04-01",1,4,0,"PEG"
10,7,"2025-04-01",0,7,0,"PTC"
7,12,"2025-04-01",0,5,0,"PSA"
7,9,"2025-04-01",0,6,0,"PHM"
14,9,"2025-04-01",0,9,0,"PWR"
20,18,"2025-04-01",1,7,0,"QCOM"
5,11,"2025-04-01",0,7,0,"DGX"
14,5,"2025-04-01",2,6,0,"RL"
6,10,"2025-04-01",0,3,0,"RJF"
12,10,"2025-04-01",0,6,1,"RTX"
5,19,"2025-04-01",0,5,0,"O"
10,7,"2025-04-01",0,7,0,"REG"
15,8,"2025-04-01",1,10,0,"REGN"
10,12,"2025-04-01",1,8,0,"RF"
10,9,"2025-04-01",0,7,0,"RSG"
11,7,"2025-04-01",0,4,1,"RMD"
11,8,"2025-04-01",1,7,0,"RVTY"
9,14,"2025-04-01",3,7,0,"ROK"
5,9,"2025-04-01",0,2,0,"ROL"
7,7,"2025-04-01",1,7,0,"ROP"
12,9,"2025-04-01",0,7,0,"ROST"
17,7,"2025-04-01",0,8,0,"RCL"
17,3,"2025-04-01",0,11,0,"SPGI"
31,11,"2025-04-01",0,14,2,"CRM"
12,8,"2025-04-01",0,5,0,"SBAC"
18,7,"2025-04-01",0,9,0,"SLB"
13,7,"2025-04-01",2,6,0,"STX"
8,10,"2025-04-01",0,5,0,"SRE"
29,6,"2025-04-01",0,14,1,"NOW"
14,13,"2025-04-01",2,4,0,"SHW"
6,12,"2025-04-01",0,6,0,"SPG"
1,25,"2025-04-01",4,0,3,"SWKS"
4,15,"2025-04-01",1,3,0,"SJM"
10,5,"2025-04-01",0,7,0,"SW"
5,7,"2025-04-01",2,2,0,"SNA"
0,12,"2025-04-01",2,1,2,"SOLV"
8,14,"2025-04-01",1,6,0,"SO"
4,14,"2025-04-01",9,1,2,"LUV"
5,14,"2025-04-01",1,4,1,"SWK"
14,15,"2025-04-01",3,9,2,"SBUX"
10,8,"2025-04-01",1,2,0,"STT"
9,6,"2025-04-01",1,5,0,"STLD"
5,4,"2025-04-01",0,2,0,"STE"
17,10,"2025-04-01",0,10,0,"SYK"
8,8,"2025-04-01",2,2,0,"SMCI"
13,8,"2025-04-01",0,5,0,"SYF"
17,3,"2025-04-01",0,7,0,"SNPS"
10,10,"2025-04-01",0,4,0,"SYY"
16,11,"2025-04-01",1,8,0,"TMUS"
0,12,"2025-04-01",6,0,2,"TROW"
19,5,"2025-04-01",0,11,0,"TTWO"
10,9,"2025-04-01",0,7,0,"TPR"
16,4,"2025-04-01",0,9,0,"TRGP"
12,23,"2025-04-01",1,7,0,"TGT"
9,11,"2025-04-01",0,5,0,"TEL"
10,2,"2025-04-01",0,3,0,"TDY"
1,14,"2025-04-01",5,0,1,"TFX"
12,3,"2025-04-01",3,3,0,"TER"
22,16,"2025-04-01",9,9,3,"TSLA"
12,21,"2025-04-01",1,3,2,"TXN"
0,3,"2025-04-01",4,0,1,"TPL"
7,9,"2025-04-01",1,4,0,"TXT"
20,7,"2025-04-01",0,9,0,"TMO"
13,5,"2025-04-01",1,9,0,"TJX"
14,16,"2025-04-01",3,7,0,"TSCO"
8,19,"2025-04-01",1,6,0,"TT"
14,6,"2025-04-01",0,7,0,"TDG"
9,15,"2025-04-01",3,3,0,"TRV"
9,2,"2025-04-01",0,8,0,"TRMB"
9,12,"2025-04-01",0,5,0,"TFC"
11,6,"2025-04-01",0,6,0,"TYL"
6,10,"2025-04-01",0,2,0,"TSN"
10,12,"2025-04-01",0,5,0,"USB"
38,9,"2025-04-01",0,15,0,"UBER"
10,14,"2025-04-01",1,3,0,"UDR"
13,18,"2025-04-01",1,5,0,"ULTA"
12,13,"2025-04-01",1,9,0,"UNP"
19,1,"2025-04-01",0,7,0,"UAL"
12,12,"2025-04-01",3,10,0,"UPS"
9,11,"2025-04-01",2,5,0,"URI"
20,1,"2025-04-01",1,12,0,"UNH"
9,13,"2025-04-01",0,3,0,"UHS"
12,5,"2025-04-01",1,6,0,"VLO"
11,4,"2025-04-01",0,8,0,"VTR"
8,10,"2025-04-01",0,5,0,"VLTO"
3,2,"2025-04-01",1,4,0,"VRSN"
7,12,"2025-04-01",0,5,0,"VRSK"
11,17,"2025-04-01",1,6,0,"VZ"
16,13,"2025-04-01",0,10,1,"VRTX"
4,7,"2025-04-01",1,3,0,"VTRS"
19,3,"2025-04-01",0,9,0,"VICI"
26,8,"2025-04-01",0,12,0,"V"
12,2,"2025-04-01",0,6,0,"VST"
14,8,"2025-04-01",0,8,0,"VMC"
8,9,"2025-04-01",1,4,0,"WRB"
2,16,"2025-04-01",1,4,0,"GWW"
6,6,"2025-04-01",0,4,0,"WAB"
3,14,"2025-04-01",1,2,0,"WBA"
30,4,"2025-04-01",0,13,0,"WMT"
20,7,"2025-04-01",1,8,0,"DIS"
11,15,"2025-04-01",1,5,0,"WBD"
11,12,"2025-04-01",0,8,0,"WM"
6,16,"2025-04-01",0,5,0,"WAT"
7,12,"2025-04-01",1,2,0,"WEC"
14,8,"2025-04-01",0,5,0,"WFC"
13,4,"2025-04-01",0,8,0,"WELL"
7,5,"2025-04-01",0,5,0,"WST"
15,8,"2025-04-01",0,6,0,"WDC"
11,4,"2025-04-01",0,5,0,"WY"
11,10,"2025-04-01",0,5,1,"WMB"
13,7,"2025-04-01",1,4,0,"WTW"
25,12,"2025-04-01",0,9,0,"WDAY"
14,3,"2025-04-01",0,8,0,"WYNN"
9,6,"2025-04-01",0,6,0,"XEL"
9,8,"2025-04-01",0,7,0,"XYL"
6,23,"2025-04-01",0,5,0,"YUM"
9,10,"2025-04-01",0,6,0,"ZBRA"
8,19,"2025-04-01",2,6,0,"ZBH"
10,6,"2025-04-01",0,8,0,"ZTS"
